SMART  1V;450.0;8 kW;160.0;черная;1285.0;Топки / Hajduk /  Smart
SMART  1V;450.0;8 kW;160.0;латунная;1358.0;Топки / Hajduk /  Smart
SMART  1V;450.0;8 kW;160.0;узкая золотая;1410.0;Топки / Hajduk /  Smart
SMART  1V;450.0;8 kW;160.0;широкая золотая;1885.0;Топки / Hajduk /  Smart
SMART  1V;450.0;8 kW;160.0;узкая хромированная;1410.0;Топки / Hajduk /  Smart
SMART  1V;450.0;8 kW;160.0;широкая хромированная;1885.0;Топки / Hajduk /  Smart
SMART  1V;450.0;8 kW;160.0;шлифованная, полированная  стальная;1885.0;Топки / Hajduk /  Smart
SMART  1V;510.0;8 kW;160.0;черная;1435.0;Топки / Hajduk /  Smart
SMART  1V;510.0;8 kW;160.0;латунная;1510.0;Топки / Hajduk /  Smart
SMART  1V;510.0;8 kW;160.0;узкая золотая;1560.0;Топки / Hajduk /  Smart
SMART  1V;510.0;8 kW;160.0;широкая золотая;2035.0;Топки / Hajduk /  Smart
SMART  1V;510.0;8 kW;160.0;узкая хромированная;1560.0;Топки / Hajduk /  Smart
SMART  1V;510.0;8 kW;160.0;широкая хромированная;2035.0;Топки / Hajduk /  Smart
SMART  1V;510.0;8 kW;160.0;шлифованная, полированная  стальная;2035.0;Топки / Hajduk /  Smart
SMART  1V;570.0;8 kW;160.0;черная;1540.0;Топки / Hajduk /  Smart
SMART  1V;570.0;8 kW;160.0;латунная;1615.0;Топки / Hajduk /  Smart
SMART  1V;570.0;8 kW;160.0;узкая золотая;1665.0;Топки / Hajduk /  Smart
SMART  1V;570.0;8 kW;160.0;широкая золотая;2140.0;Топки / Hajduk /  Smart
SMART  1V;570.0;8 kW;160.0;узкая хромированная;1665.0;Топки / Hajduk /  Smart
SMART  1V;570.0;8 kW;160.0;широкая хромированная;2140.0;Топки / Hajduk /  Smart
SMART  1V;570.0;8 kW;160.0;шлифованная, полированная  стальная;2140.0;Топки / Hajduk /  Smart
SMART  1V h;450.0;8 kW;180.0;черная;2190.0;Топки / Hajduk /  Smart
SMART  1V h;450.0;8 kW;180.0;латунная;2263.0;Топки / Hajduk /  Smart
SMART  1V h;450.0;8 kW;180.0;узкая золотая;2315.0;Топки / Hajduk /  Smart
SMART  1V h;450.0;8 kW;180.0;широкая золотая;2788.0;Топки / Hajduk /  Smart
SMART  1V h;450.0;8 kW;180.0;узкая хромированная;2315.0;Топки / Hajduk /  Smart
SMART  1V h;450.0;8 kW;180.0;широкая хромированная;2788.0;Топки / Hajduk /  Smart
SMART  1V h;450.0;8 kW;180.0;шлифованная, полированная  стальная;2788.0;Топки / Hajduk /  Smart
SMART  1V h;510.0;8 kW;180.0;черная;2345.0;Топки / Hajduk /  Smart
SMART  1V h;510.0;8 kW;180.0;латунная;2415.0;Топки / Hajduk /  Smart
SMART  1V h;510.0;8 kW;180.0;узкая золотая;2470.0;Топки / Hajduk /  Smart
SMART  1V h;510.0;8 kW;180.0;широкая золотая;2940.0;Топки / Hajduk /  Smart
SMART  1V h;510.0;8 kW;180.0;узкая хромированная;2470.0;Топки / Hajduk /  Smart
SMART  1V h;510.0;8 kW;180.0;широкая хромированная;2940.0;Топки / Hajduk /  Smart
SMART  1V h;510.0;8 kW;180.0;шлифованная, полированная  стальная;2940.0;Топки / Hajduk /  Smart
SMART  1V h;570.0;8 kW;180.0;черная;2498.0;Топки / Hajduk /  Smart
SMART  1V h;570.0;8 kW;180.0;латунная;2575.0;Топки / Hajduk /  Smart
SMART  1V h;570.0;8 kW;180.0;узкая золотая;2625.0;Топки / Hajduk /  Smart
SMART  1V h;570.0;8 kW;180.0;широкая золотая;3098.0;Топки / Hajduk /  Smart
SMART  1V h;570.0;8 kW;180.0;узкая хромированная;2625.0;Топки / Hajduk /  Smart
SMART  1V h;570.0;8 kW;180.0;широкая хромированная;3098.0;Топки / Hajduk /  Smart
SMART  1V h;570.0;8 kW;180.0;шлифованная, полированная  стальная;3098.0;Топки / Hajduk /  Smart
SMART  1VR;450.0;8 kW;160.0;черная;1388.0;Топки / Hajduk /  Smart
SMART  1VR;450.0;8 kW;160.0;латунная;2575.0;Топки / Hajduk /  Smart
SMART  1VR;450.0;8 kW;160.0;узкая золотая;2625.0;Топки / Hajduk /  Smart
SMART  1VR;450.0;8 kW;160.0;широкая золотая;1985.0;Топки / Hajduk /  Smart
SMART  1VR;450.0;8 kW;160.0;узкая хромированная;2625.0;Топки / Hajduk /  Smart
SMART  1VR;450.0;8 kW;160.0;широкая хромированная;1985.0;Топки / Hajduk /  Smart
SMART  1VR;450.0;8 kW;160.0;шлифованная, полированная  стальная;1985.0;Топки / Hajduk /  Smart
SMART  1VR;510.0;8 kW;160.0;черная;1560.0;Топки / Hajduk /  Smart
SMART  1VR;510.0;8 kW;160.0;латунная;2575.0;Топки / Hajduk /  Smart
SMART  1VR;510.0;8 kW;160.0;узкая золотая;2625.0;Топки / Hajduk /  Smart
SMART  1VR;510.0;8 kW;160.0;широкая золотая;2158.0;Топки / Hajduk /  Smart
SMART  1VR;510.0;8 kW;160.0;узкая хромированная;2625.0;Топки / Hajduk /  Smart
SMART  1VR;510.0;8 kW;160.0;широкая хромированная;2158.0;Топки / Hajduk /  Smart
SMART  1VR;510.0;8 kW;160.0;шлифованная, полированная  стальная;2158.0;Топки / Hajduk /  Smart
SMART  1VR;570.0;8 kW;160.0;черная;1727.0;Топки / Hajduk /  Smart
SMART  1VR;570.0;8 kW;160.0;латунная;2575.0;Топки / Hajduk /  Smart
SMART  1VR;570.0;8 kW;160.0;узкая золотая;2625.0;Топки / Hajduk /  Smart
SMART  1VR;570.0;8 kW;160.0;широкая золотая;2327.0;Топки / Hajduk /  Smart
SMART  1VR;570.0;8 kW;160.0;узкая хромированная;2625.0;Топки / Hajduk /  Smart
SMART  1VR;570.0;8 kW;160.0;широкая хромированная;2327.0;Топки / Hajduk /  Smart
SMART  1VR;570.0;8 kW;160.0;шлифованная, полированная  стальная;2327.0;Топки / Hajduk /  Smart
SMART  1VRh;450.0;8 kW;180.0;черная;2369.0;Топки / Hajduk /  Smart
SMART  1VRh;450.0;8 kW;180.0;латунная;2575.0;Топки / Hajduk /  Smart
SMART  1VRh;450.0;8 kW;180.0;узкая золотая;2625.0;Топки / Hajduk /  Smart
SMART  1VRh;450.0;8 kW;180.0;широкая золотая;2970.0;Топки / Hajduk /  Smart
SMART  1VRh;450.0;8 kW;180.0;узкая хромированная;2625.0;Топки / Hajduk /  Smart
SMART  1VRh;450.0;8 kW;180.0;широкая хромированная;2970.0;Топки / Hajduk /  Smart
SMART  1VRh;450.0;8 kW;180.0;шлифованная, полированная  стальная;2970.0;Топки / Hajduk /  Smart
SMART  1VRh;510.0;8 kW;180.0;черная;2540.0;Топки / Hajduk /  Smart
SMART  1VRh;510.0;8 kW;180.0;латунная;2575.0;Топки / Hajduk /  Smart
SMART  1VRh;510.0;8 kW;180.0;узкая золотая;2625.0;Топки / Hajduk /  Smart
SMART  1VRh;510.0;8 kW;180.0;широкая золотая;3140.0;Топки / Hajduk /  Smart
SMART  1VRh;510.0;8 kW;180.0;узкая хромированная;2625.0;Топки / Hajduk /  Smart
SMART  1VRh;510.0;8 kW;180.0;широкая хромированная;3140.0;Топки / Hajduk /  Smart
SMART  1VRh;510.0;8 kW;180.0;шлифованная, полированная  стальная;3140.0;Топки / Hajduk /  Smart
SMART  1VRh;570.0;8 kW;180.0;черная;2715.0;Топки / Hajduk /  Smart
SMART  1VRh;570.0;8 kW;180.0;латунная;2575.0;Топки / Hajduk /  Smart
SMART  1VRh;570.0;8 kW;180.0;узкая золотая;2625.0;Топки / Hajduk /  Smart
SMART  1VRh;570.0;8 kW;180.0;широкая золотая;3320.0;Топки / Hajduk /  Smart
SMART  1VRh;570.0;8 kW;180.0;узкая хромированная;2625.0;Топки / Hajduk /  Smart
SMART  1VRh;570.0;8 kW;180.0;широкая хромированная;3320.0;Топки / Hajduk /  Smart
SMART  1VRh;570.0;8 kW;180.0;шлифованная, полированная  стальная;3320.0;Топки / Hajduk /  Smart
SMART  2L/2P;450.0;8 kW;150.0;черная;1650.0;Топки / Hajduk /  Smart
SMART  2L/2P;450.0;8 kW;150.0;латунная;1725.0;Топки / Hajduk /  Smart
SMART  2L/2P;450.0;8 kW;150.0;узкая золотая;1775.0;Топки / Hajduk /  Smart
SMART  2L/2P;450.0;8 kW;150.0;широкая золотая;2250.0;Топки / Hajduk /  Smart
SMART  2L/2P;450.0;8 kW;150.0;узкая хромированная;1775.0;Топки / Hajduk /  Smart
SMART  2L/2P;450.0;8 kW;150.0;широкая хромированная;2250.0;Топки / Hajduk /  Smart
SMART  2L/2P;450.0;8 kW;150.0;шлифованная, полированная  стальная;2250.0;Топки / Hajduk /  Smart
SMART  2L/2P;510.0;8 kW;150.0;черная;1810.0;Топки / Hajduk /  Smart
SMART  2L/2P;510.0;8 kW;150.0;латунная;1890.0;Топки / Hajduk /  Smart
SMART  2L/2P;510.0;8 kW;150.0;узкая золотая;1940.0;Топки / Hajduk /  Smart
SMART  2L/2P;510.0;8 kW;150.0;широкая золотая;2420.0;Топки / Hajduk /  Smart
SMART  2L/2P;510.0;8 kW;150.0;узкая хромированная;1940.0;Топки / Hajduk /  Smart
SMART  2L/2P;510.0;8 kW;150.0;широкая хромированная;2420.0;Топки / Hajduk /  Smart
SMART  2L/2P;510.0;8 kW;150.0;шлифованная, полированная  стальная;2420.0;Топки / Hajduk /  Smart
SMART  2L/2P;570.0;8 kW;150.0;черная;1950.0;Топки / Hajduk /  Smart
SMART  2L/2P;570.0;8 kW;150.0;латунная;2025.0;Топки / Hajduk /  Smart
SMART  2L/2P;570.0;8 kW;150.0;узкая золотая;2075.0;Топки / Hajduk /  Smart
SMART  2L/2P;570.0;8 kW;150.0;широкая золотая;2550.0;Топки / Hajduk /  Smart
SMART  2L/2P;570.0;8 kW;150.0;узкая хромированная;2075.0;Топки / Hajduk /  Smart
SMART  2L/2P;570.0;8 kW;150.0;широкая хромированная;2550.0;Топки / Hajduk /  Smart
SMART  2L/2P;570.0;8 kW;150.0;шлифованная, полированная  стальная;2550.0;Топки / Hajduk /  Smart
SMART  2L h/2P h;450.0;8 kW;170.0;черная;2575.0;Топки / Hajduk /  Smart
SMART  2L h/2P h;450.0;8 kW;170.0;латунная;2650.0;Топки / Hajduk /  Smart
SMART  2L h/2P h;450.0;8 kW;170.0;узкая золотая;2710.0;Топки / Hajduk /  Smart
SMART  2L h/2P h;450.0;8 kW;170.0;широкая золотая;3175.0;Топки / Hajduk /  Smart
SMART  2L h/2P h;450.0;8 kW;170.0;узкая хромированная;2710.0;Топки / Hajduk /  Smart
SMART  2L h/2P h;450.0;8 kW;170.0;широкая хромированная;3175.0;Топки / Hajduk /  Smart
SMART  2L h/2P h;450.0;8 kW;170.0;шлифованная, полированная  стальная;3175.0;Топки / Hajduk /  Smart
SMART  2L h/2P h;510.0;8 kW;170.0;черная;2730.0;Топки / Hajduk /  Smart
SMART  2L h/2P h;510.0;8 kW;170.0;латунная;2805.0;Топки / Hajduk /  Smart
SMART  2L h/2P h;510.0;8 kW;170.0;узкая золотая;2855.0;Топки / Hajduk /  Smart
SMART  2L h/2P h;510.0;8 kW;170.0;широкая золотая;3330.0;Топки / Hajduk /  Smart
SMART  2L h/2P h;510.0;8 kW;170.0;узкая хромированная;2855.0;Топки / Hajduk /  Smart
SMART  2L h/2P h;510.0;8 kW;170.0;широкая хромированная;3330.0;Топки / Hajduk /  Smart
SMART  2L h/2P h;510.0;8 kW;170.0;шлифованная, полированная  стальная;3330.0;Топки / Hajduk /  Smart
SMART  2L h/2P h;570.0;8 kW;170.0;черная;2880.0;Топки / Hajduk /  Smart
SMART  2L h/2P h;570.0;8 kW;170.0;латунная;2955.0;Топки / Hajduk /  Smart
SMART  2L h/2P h;570.0;8 kW;170.0;узкая золотая;3005.0;Топки / Hajduk /  Smart
SMART  2L h/2P h;570.0;8 kW;170.0;широкая золотая;3480.0;Топки / Hajduk /  Smart
SMART  2L h/2P h;570.0;8 kW;170.0;узкая хромированная;3005.0;Топки / Hajduk /  Smart
SMART  2L h/2P h;570.0;8 kW;170.0;широкая хромированная;3480.0;Топки / Hajduk /  Smart
SMART  2L h/2P h;570.0;8 kW;170.0;шлифованная, полированная  стальная;3480.0;Топки / Hajduk /  Smart
PRISMA M;450.0;8 kW;170.0;черная;1630.0;Топки / Hajduk /  Prisma
PRISMA M;450.0;8 kW;170.0;латунная;1700.0;Топки / Hajduk /  Prisma
PRISMA M;450.0;8 kW;170.0;узкая золотая;1750.0;Топки / Hajduk /  Prisma
PRISMA M;450.0;8 kW;170.0;широкая золотая;2230.0;Топки / Hajduk /  Prisma
PRISMA M;450.0;8 kW;170.0;узкая хромированная;1750.0;Топки / Hajduk /  Prisma
PRISMA M;450.0;8 kW;170.0;широкая хромированная;2230.0;Топки / Hajduk /  Prisma
PRISMA M;450.0;8 kW;170.0;шлифованная, полированная  стальная;2230.0;Топки / Hajduk /  Prisma
PRISMA M;510.0;8 kW;170.0;черная;1805.0;Топки / Hajduk /  Prisma
PRISMA M;510.0;8 kW;170.0;латунная;1880.0;Топки / Hajduk /  Prisma
PRISMA M;510.0;8 kW;170.0;узкая золотая;1930.0;Топки / Hajduk /  Prisma
PRISMA M;510.0;8 kW;170.0;широкая золотая;2405.0;Топки / Hajduk /  Prisma
PRISMA M;510.0;8 kW;170.0;узкая хромированная;1930.0;Топки / Hajduk /  Prisma
PRISMA M;510.0;8 kW;170.0;широкая хромированная;2405.0;Топки / Hajduk /  Prisma
PRISMA M;510.0;8 kW;170.0;шлифованная, полированная  стальная;2405.0;Топки / Hajduk /  Prisma
PRISMA M;570.0;8 kW;170.0;черная;1985.0;Топки / Hajduk /  Prisma
PRISMA M;570.0;8 kW;170.0;латунная;2060.0;Топки / Hajduk /  Prisma
PRISMA M;570.0;8 kW;170.0;узкая золотая;2110.0;Топки / Hajduk /  Prisma
PRISMA M;570.0;8 kW;170.0;широкая золотая;2585.0;Топки / Hajduk /  Prisma
PRISMA M;570.0;8 kW;170.0;узкая хромированная;2110.0;Топки / Hajduk /  Prisma
PRISMA M;570.0;8 kW;170.0;широкая хромированная;2585.0;Топки / Hajduk /  Prisma
PRISMA M;570.0;8 kW;170.0;шлифованная, полированная  стальная;2585.0;Топки / Hajduk /  Prisma
PRISMA M one part glass;450.0;8 kW;170.0;черная;1812.0;Топки / Hajduk /  Prisma
PRISMA M one part glass;450.0;8 kW;170.0;латунная;1885.0;Топки / Hajduk /  Prisma
PRISMA M one part glass;450.0;8 kW;170.0;узкая золотая;1936.0;Топки / Hajduk /  Prisma
PRISMA M one part glass;450.0;8 kW;170.0;широкая золотая;2412.0;Топки / Hajduk /  Prisma
PRISMA M one part glass;450.0;8 kW;170.0;узкая хромированная;1936.0;Топки / Hajduk /  Prisma
PRISMA M one part glass;450.0;8 kW;170.0;широкая хромированная;2412.0;Топки / Hajduk /  Prisma
PRISMA M one part glass;450.0;8 kW;170.0;шлифованная, полированная  стальная;2412.0;Топки / Hajduk /  Prisma
PRISMA M one part glass;510.0;8 kW;170.0;черная;1986.0;Топки / Hajduk /  Prisma
PRISMA M one part glass;510.0;8 kW;170.0;латунная;2060.0;Топки / Hajduk /  Prisma
PRISMA M one part glass;510.0;8 kW;170.0;узкая золотая;2110.0;Топки / Hajduk /  Prisma
PRISMA M one part glass;510.0;8 kW;170.0;широкая золотая;2586.0;Топки / Hajduk /  Prisma
PRISMA M one part glass;510.0;8 kW;170.0;узкая хромированная;2110.0;Топки / Hajduk /  Prisma
PRISMA M one part glass;510.0;8 kW;170.0;широкая хромированная;2586.0;Топки / Hajduk /  Prisma
PRISMA M one part glass;510.0;8 kW;170.0;шлифованная, полированная  стальная;2586.0;Топки / Hajduk /  Prisma
PRISMA M one part glass;570.0;8 kW;170.0;черная;2226.0;Топки / Hajduk /  Prisma
PRISMA M one part glass;570.0;8 kW;170.0;латунная;2300.0;Топки / Hajduk /  Prisma
PRISMA M one part glass;570.0;8 kW;170.0;узкая золотая;2352.0;Топки / Hajduk /  Prisma
PRISMA M one part glass;570.0;8 kW;170.0;широкая золотая;2825.0;Топки / Hajduk /  Prisma
PRISMA M one part glass;570.0;8 kW;170.0;узкая хромированная;2352.0;Топки / Hajduk /  Prisma
PRISMA M one part glass;570.0;8 kW;170.0;широкая хромированная;2825.0;Топки / Hajduk /  Prisma
PRISMA M one part glass;570.0;8 kW;170.0;шлифованная, полированная  стальная;2825.0;Топки / Hajduk /  Prisma
PRISMA M h;450.0;8 kW;185.0;черная;2580.0;Топки / Hajduk /  Prisma
PRISMA M h;450.0;8 kW;185.0;латунная;2655.0;Топки / Hajduk /  Prisma
PRISMA M h;450.0;8 kW;185.0;узкая золотая;2706.0;Топки / Hajduk /  Prisma
PRISMA M h;450.0;8 kW;185.0;широкая золотая;3180.0;Топки / Hajduk /  Prisma
PRISMA M h;450.0;8 kW;185.0;узкая хромированная;2706.0;Топки / Hajduk /  Prisma
PRISMA M h;450.0;8 kW;185.0;широкая хромированная;3180.0;Топки / Hajduk /  Prisma
PRISMA M h;450.0;8 kW;185.0;шлифованная, полированная  стальная;3180.0;Топки / Hajduk /  Prisma
PRISMA M h;510.0;8 kW;185.0;черная;2760.0;Топки / Hajduk /  Prisma
PRISMA M h;510.0;8 kW;185.0;латунная;2840.0;Топки / Hajduk /  Prisma
PRISMA M h;510.0;8 kW;185.0;узкая золотая;2886.0;Топки / Hajduk /  Prisma
PRISMA M h;510.0;8 kW;185.0;широкая золотая;3365.0;Топки / Hajduk /  Prisma
PRISMA M h;510.0;8 kW;185.0;узкая хромированная;2886.0;Топки / Hajduk /  Prisma
PRISMA M h;510.0;8 kW;185.0;широкая хромированная;3365.0;Топки / Hajduk /  Prisma
PRISMA M h;510.0;8 kW;185.0;шлифованная, полированная  стальная;3365.0;Топки / Hajduk /  Prisma
PRISMA M h;570.0;8 kW;185.0;черная;2940.0;Топки / Hajduk /  Prisma
PRISMA M h;570.0;8 kW;185.0;латунная;3015.0;Топки / Hajduk /  Prisma
PRISMA M h;570.0;8 kW;185.0;узкая золотая;3065.0;Топки / Hajduk /  Prisma
PRISMA M h;570.0;8 kW;185.0;широкая золотая;3540.0;Топки / Hajduk /  Prisma
PRISMA M h;570.0;8 kW;185.0;узкая хромированная;3065.0;Топки / Hajduk /  Prisma
PRISMA M h;570.0;8 kW;185.0;широкая хромированная;3540.0;Топки / Hajduk /  Prisma
PRISMA M h;570.0;8 kW;185.0;шлифованная, полированная  стальная;3540.0;Топки / Hajduk /  Prisma
PRISMA M h one part glass;450.0;8 kW;185.0;черная;2810.0;Топки / Hajduk /  Prisma
PRISMA M h one part glass;450.0;8 kW;185.0;латунная;2885.0;Топки / Hajduk /  Prisma
PRISMA M h one part glass;450.0;8 kW;185.0;узкая золотая;2935.0;Топки / Hajduk /  Prisma
PRISMA M h one part glass;450.0;8 kW;185.0;широкая золотая;3410.0;Топки / Hajduk /  Prisma
PRISMA M h one part glass;450.0;8 kW;185.0;узкая хромированная;2935.0;Топки / Hajduk /  Prisma
PRISMA M h one part glass;450.0;8 kW;185.0;широкая хромированная;3410.0;Топки / Hajduk /  Prisma
PRISMA M h one part glass;450.0;8 kW;185.0;шлифованная, полированная  стальная;3410.0;Топки / Hajduk /  Prisma
PRISMA M h one part glass;510.0;8 kW;185.0;черная;2849.0;Топки / Hajduk /  Prisma
PRISMA M h one part glass;510.0;8 kW;185.0;латунная;2925.0;Топки / Hajduk /  Prisma
PRISMA M h one part glass;510.0;8 kW;185.0;узкая золотая;2978.0;Топки / Hajduk /  Prisma
PRISMA M h one part glass;510.0;8 kW;185.0;широкая золотая;3450.0;Топки / Hajduk /  Prisma
PRISMA M h one part glass;510.0;8 kW;185.0;узкая хромированная;2978.0;Топки / Hajduk /  Prisma
PRISMA M h one part glass;510.0;8 kW;185.0;широкая хромированная;3450.0;Топки / Hajduk /  Prisma
PRISMA M h one part glass;510.0;8 kW;185.0;шлифованная, полированная  стальная;3450.0;Топки / Hajduk /  Prisma
PRISMA M h one part glass;570.0;8 kW;185.0;черная;3040.0;Топки / Hajduk /  Prisma
PRISMA M h one part glass;570.0;8 kW;185.0;латунная;3116.0;Топки / Hajduk /  Prisma
PRISMA M h one part glass;570.0;8 kW;185.0;узкая золотая;3170.0;Топки / Hajduk /  Prisma
PRISMA M h one part glass;570.0;8 kW;185.0;широкая золотая;3650.0;Топки / Hajduk /  Prisma
PRISMA M h one part glass;570.0;8 kW;185.0;узкая хромированная;3170.0;Топки / Hajduk /  Prisma
PRISMA M h one part glass;570.0;8 kW;185.0;широкая хромированная;3650.0;Топки / Hajduk /  Prisma
PRISMA M h one part glass;570.0;8 kW;185.0;шлифованная, полированная  стальная;3650.0;Топки / Hajduk /  Prisma
PRISMA MR;450.0;8 kW;170.0;черная;1800.0;Топки / Hajduk /  Prisma
PRISMA MR;450.0;8 kW;170.0;латунная;1875.0;Топки / Hajduk /  Prisma
PRISMA MR;450.0;8 kW;170.0;узкая золотая;1925.0;Топки / Hajduk /  Prisma
PRISMA MR;450.0;8 kW;170.0;широкая золотая;2405.0;Топки / Hajduk /  Prisma
PRISMA MR;450.0;8 kW;170.0;узкая хромированная;1925.0;Топки / Hajduk /  Prisma
PRISMA MR;450.0;8 kW;170.0;широкая хромированная;2405.0;Топки / Hajduk /  Prisma
PRISMA MR;450.0;8 kW;170.0;шлифованная, полированная  стальная;2405.0;Топки / Hajduk /  Prisma
PRISMA MR;510.0;8 kW;170.0;черная;2110.0;Топки / Hajduk /  Prisma
PRISMA MR;510.0;8 kW;170.0;латунная;2185.0;Топки / Hajduk /  Prisma
PRISMA MR;510.0;8 kW;170.0;узкая золотая;2240.0;Топки / Hajduk /  Prisma
PRISMA MR;510.0;8 kW;170.0;широкая золотая;2715.0;Топки / Hajduk /  Prisma
PRISMA MR;510.0;8 kW;170.0;узкая хромированная;2240.0;Топки / Hajduk /  Prisma
PRISMA MR;510.0;8 kW;170.0;широкая хромированная;2715.0;Топки / Hajduk /  Prisma
PRISMA MR;510.0;8 kW;170.0;шлифованная, полированная  стальная;2715.0;Топки / Hajduk /  Prisma
PRISMA MR;570.0;8 kW;170.0;черная;2240.0;Топки / Hajduk /  Prisma
PRISMA MR;570.0;8 kW;170.0;латунная;2315.0;Топки / Hajduk /  Prisma
PRISMA MR;570.0;8 kW;170.0;узкая золотая;2367.0;Топки / Hajduk /  Prisma
PRISMA MR;570.0;8 kW;170.0;широкая золотая;2840.0;Топки / Hajduk /  Prisma
PRISMA MR;570.0;8 kW;170.0;узкая хромированная;2367.0;Топки / Hajduk /  Prisma
PRISMA MR;570.0;8 kW;170.0;широкая хромированная;2840.0;Топки / Hajduk /  Prisma
PRISMA MR;570.0;8 kW;170.0;шлифованная, полированная  стальная;2840.0;Топки / Hajduk /  Prisma
PRISMA MRh;450.0;8 kW;185.0;черная;2730.0;Топки / Hajduk /  Prisma
PRISMA MRh;450.0;8 kW;185.0;латунная;2805.0;Топки / Hajduk /  Prisma
PRISMA MRh;450.0;8 kW;185.0;узкая золотая;2856.0;Топки / Hajduk /  Prisma
PRISMA MRh;450.0;8 kW;185.0;широкая золотая;3330.0;Топки / Hajduk /  Prisma
PRISMA MRh;450.0;8 kW;185.0;узкая хромированная;2856.0;Топки / Hajduk /  Prisma
PRISMA MRh;450.0;8 kW;185.0;широкая хромированная;3330.0;Топки / Hajduk /  Prisma
PRISMA MRh;450.0;8 kW;185.0;шлифованная, полированная  стальная;3330.0;Топки / Hajduk /  Prisma
PRISMA MRh;510.0;8 kW;185.0;черная;2910.0;Топки / Hajduk /  Prisma
PRISMA MRh;510.0;8 kW;185.0;латунная;2985.0;Топки / Hajduk /  Prisma
PRISMA MRh;510.0;8 kW;185.0;узкая золотая;3031.0;Топки / Hajduk /  Prisma
PRISMA MRh;510.0;8 kW;185.0;широкая золотая;3506.0;Топки / Hajduk /  Prisma
PRISMA MRh;510.0;8 kW;185.0;узкая хромированная;3031.0;Топки / Hajduk /  Prisma
PRISMA MRh;510.0;8 kW;185.0;широкая хромированная;3506.0;Топки / Hajduk /  Prisma
PRISMA MRh;510.0;8 kW;185.0;шлифованная, полированная  стальная;3506.0;Топки / Hajduk /  Prisma
PRISMA MRh;570.0;8 kW;185.0;черная;3090.0;Топки / Hajduk /  Prisma
PRISMA MRh;570.0;8 kW;185.0;латунная;3161.0;Топки / Hajduk /  Prisma
PRISMA MRh;570.0;8 kW;185.0;узкая золотая;3211.0;Топки / Hajduk /  Prisma
PRISMA MRh;570.0;8 kW;185.0;широкая золотая;3685.0;Топки / Hajduk /  Prisma
PRISMA MRh;570.0;8 kW;185.0;узкая хромированная;3211.0;Топки / Hajduk /  Prisma
PRISMA MRh;570.0;8 kW;185.0;широкая хромированная;3685.0;Топки / Hajduk /  Prisma
PRISMA MRh;570.0;8 kW;185.0;шлифованная, полированная  стальная;3685.0;Топки / Hajduk /  Prisma
PRISMA MDRh;570.0;8 kW;200.0;черная;4086.0;Топки / Hajduk /  Prisma
PRISMA MDRh;570.0;8 kW;200.0;латунная;4150.0;Топки / Hajduk /  Prisma
PRISMA MDRh;570.0;8 kW;200.0;узкая золотая;4215.0;Топки / Hajduk /  Prisma
PRISMA MDRh;570.0;8 kW;200.0;широкая золотая;4685.0;Топки / Hajduk /  Prisma
PRISMA MDRh;570.0;8 kW;200.0;узкая хромированная;4215.0;Топки / Hajduk /  Prisma
PRISMA MDRh;570.0;8 kW;200.0;широкая хромированная;4685.0;Топки / Hajduk /  Prisma
PRISMA MDRh;570.0;8 kW;200.0;шлифованная, полированная  стальная;4685.0;Топки / Hajduk /  Prisma
PRISMA 1V;450.0;11 kW;190.0;черная;1840.0;Топки / Hajduk /  Prisma
PRISMA 1V;450.0;11 kW;190.0;латунная;1915.0;Топки / Hajduk /  Prisma
PRISMA 1V;450.0;11 kW;190.0;узкая золотая;1962.0;Топки / Hajduk /  Prisma
PRISMA 1V;450.0;11 kW;190.0;широкая золотая;2440.0;Топки / Hajduk /  Prisma
PRISMA 1V;450.0;11 kW;190.0;узкая хромированная;1962.0;Топки / Hajduk /  Prisma
PRISMA 1V;450.0;11 kW;190.0;широкая хромированная;2440.0;Топки / Hajduk /  Prisma
PRISMA 1V;450.0;11 kW;190.0;шлифованная, полированная  стальная;2440.0;Топки / Hajduk /  Prisma
PRISMA 1V;510.0;11 kW;190.0;черная;2016.0;Топки / Hajduk /  Prisma
PRISMA 1V;510.0;11 kW;190.0;латунная;2090.0;Топки / Hajduk /  Prisma
PRISMA 1V;510.0;11 kW;190.0;узкая золотая;2140.0;Топки / Hajduk /  Prisma
PRISMA 1V;510.0;11 kW;190.0;широкая золотая;2615.0;Топки / Hajduk /  Prisma
PRISMA 1V;510.0;11 kW;190.0;узкая хромированная;2140.0;Топки / Hajduk /  Prisma
PRISMA 1V;510.0;11 kW;190.0;широкая хромированная;2615.0;Топки / Hajduk /  Prisma
PRISMA 1V;510.0;11 kW;190.0;шлифованная, полированная  стальная;2615.0;Топки / Hajduk /  Prisma
PRISMA 1V;570.0;11 kW;190.0;черная;2150.0;Топки / Hajduk /  Prisma
PRISMA 1V;570.0;11 kW;190.0;латунная;2221.0;Топки / Hajduk /  Prisma
PRISMA 1V;570.0;11 kW;190.0;узкая золотая;2272.0;Топки / Hajduk /  Prisma
PRISMA 1V;570.0;11 kW;190.0;широкая золотая;2750.0;Топки / Hajduk /  Prisma
PRISMA 1V;570.0;11 kW;190.0;узкая хромированная;2272.0;Топки / Hajduk /  Prisma
PRISMA 1V;570.0;11 kW;190.0;широкая хромированная;2750.0;Топки / Hajduk /  Prisma
PRISMA 1V;570.0;11 kW;190.0;шлифованная, полированная  стальная;2750.0;Топки / Hajduk /  Prisma
PRISMA 1V h;450.0;11 kW;210.0;черная;2652.0;Топки / Hajduk /  Prisma
PRISMA 1V h;450.0;11 kW;210.0;латунная;2730.0;Топки / Hajduk /  Prisma
PRISMA 1V h;450.0;11 kW;210.0;узкая золотая;2780.0;Топки / Hajduk /  Prisma
PRISMA 1V h;450.0;11 kW;210.0;широкая золотая;3251.0;Топки / Hajduk /  Prisma
PRISMA 1V h;450.0;11 kW;210.0;узкая хромированная;2780.0;Топки / Hajduk /  Prisma
PRISMA 1V h;450.0;11 kW;210.0;широкая хромированная;3251.0;Топки / Hajduk /  Prisma
PRISMA 1V h;450.0;11 kW;210.0;шлифованная, полированная  стальная;3251.0;Топки / Hajduk /  Prisma
PRISMA 1V h;510.0;11 kW;210.0;черная;2760.0;Топки / Hajduk /  Prisma
PRISMA 1V h;510.0;11 kW;210.0;латунная;2840.0;Топки / Hajduk /  Prisma
PRISMA 1V h;510.0;11 kW;210.0;узкая золотая;2886.0;Топки / Hajduk /  Prisma
PRISMA 1V h;510.0;11 kW;210.0;широкая золотая;3361.0;Топки / Hajduk /  Prisma
PRISMA 1V h;510.0;11 kW;210.0;узкая хромированная;2886.0;Топки / Hajduk /  Prisma
PRISMA 1V h;510.0;11 kW;210.0;широкая хромированная;3361.0;Топки / Hajduk /  Prisma
PRISMA 1V h;510.0;11 kW;210.0;шлифованная, полированная  стальная;3361.0;Топки / Hajduk /  Prisma
PRISMA 1V h;570.0;11 kW;210.0;черная;2890.0;Топки / Hajduk /  Prisma
PRISMA 1V h;570.0;11 kW;210.0;латунная;2960.0;Топки / Hajduk /  Prisma
PRISMA 1V h;570.0;11 kW;210.0;узкая золотая;3010.0;Топки / Hajduk /  Prisma
PRISMA 1V h;570.0;11 kW;210.0;широкая золотая;3482.0;Топки / Hajduk /  Prisma
PRISMA 1V h;570.0;11 kW;210.0;узкая хромированная;3010.0;Топки / Hajduk /  Prisma
PRISMA 1V h;570.0;11 kW;210.0;широкая хромированная;3482.0;Топки / Hajduk /  Prisma
PRISMA 1V h;570.0;11 kW;210.0;шлифованная, полированная  стальная;3482.0;Топки / Hajduk /  Prisma
PRISMA 1V M;450.0;10 kW;170.0;черная;1590.0;Топки / Hajduk /  Prisma
PRISMA 1V M;450.0;10 kW;170.0;латунная;1665.0;Топки / Hajduk /  Prisma
PRISMA 1V M;450.0;10 kW;170.0;узкая золотая;1715.0;Топки / Hajduk /  Prisma
PRISMA 1V M;450.0;10 kW;170.0;широкая золотая;2190.0;Топки / Hajduk /  Prisma
PRISMA 1V M;450.0;10 kW;170.0;узкая хромированная;1715.0;Топки / Hajduk /  Prisma
PRISMA 1V M;450.0;10 kW;170.0;широкая хромированная;2190.0;Топки / Hajduk /  Prisma
PRISMA 1V M;450.0;10 kW;170.0;шлифованная, полированная  стальная;2190.0;Топки / Hajduk /  Prisma
PRISMA 1V M;510.0;10 kW;170.0;черная;1768.0;Топки / Hajduk /  Prisma
PRISMA 1V M;510.0;10 kW;170.0;латунная;1840.0;Топки / Hajduk /  Prisma
PRISMA 1V M;510.0;10 kW;170.0;узкая золотая;1895.0;Топки / Hajduk /  Prisma
PRISMA 1V M;510.0;10 kW;170.0;широкая золотая;2365.0;Топки / Hajduk /  Prisma
PRISMA 1V M;510.0;10 kW;170.0;узкая хромированная;1895.0;Топки / Hajduk /  Prisma
PRISMA 1V M;510.0;10 kW;170.0;широкая хромированная;2365.0;Топки / Hajduk /  Prisma
PRISMA 1V M;510.0;10 kW;170.0;шлифованная, полированная  стальная;2365.0;Топки / Hajduk /  Prisma
PRISMA 1V M;570.0;10 kW;170.0;черная;1946.0;Топки / Hajduk /  Prisma
PRISMA 1V M;570.0;10 kW;170.0;латунная;2020.0;Топки / Hajduk /  Prisma
PRISMA 1V M;570.0;10 kW;170.0;узкая золотая;2070.0;Топки / Hajduk /  Prisma
PRISMA 1V M;570.0;10 kW;170.0;широкая золотая;2545.0;Топки / Hajduk /  Prisma
PRISMA 1V M;570.0;10 kW;170.0;узкая хромированная;2070.0;Топки / Hajduk /  Prisma
PRISMA 1V M;570.0;10 kW;170.0;широкая хромированная;2545.0;Топки / Hajduk /  Prisma
PRISMA 1V M;570.0;10 kW;170.0;шлифованная, полированная  стальная;2545.0;Топки / Hajduk /  Prisma
PRISMA 1V Mh;450.0;10 kW;185.0;черная;2515.0;Топки / Hajduk /  Prisma
PRISMA 1V Mh;450.0;10 kW;185.0;латунная;2590.0;Топки / Hajduk /  Prisma
PRISMA 1V Mh;450.0;10 kW;185.0;узкая золотая;2645.0;Топки / Hajduk /  Prisma
PRISMA 1V Mh;450.0;10 kW;185.0;широкая золотая;3120.0;Топки / Hajduk /  Prisma
PRISMA 1V Mh;450.0;10 kW;185.0;узкая хромированная;2645.0;Топки / Hajduk /  Prisma
PRISMA 1V Mh;450.0;10 kW;185.0;широкая хромированная;3120.0;Топки / Hajduk /  Prisma
PRISMA 1V Mh;450.0;10 kW;185.0;шлифованная, полированная  стальная;3120.0;Топки / Hajduk /  Prisma
PRISMA 1V Mh;510.0;10 kW;185.0;черная;2695.0;Топки / Hajduk /  Prisma
PRISMA 1V Mh;510.0;10 kW;185.0;латунная;2770.0;Топки / Hajduk /  Prisma
PRISMA 1V Mh;510.0;10 kW;185.0;узкая золотая;2821.0;Топки / Hajduk /  Prisma
PRISMA 1V Mh;510.0;10 kW;185.0;широкая золотая;3295.0;Топки / Hajduk /  Prisma
PRISMA 1V Mh;510.0;10 kW;185.0;узкая хромированная;2821.0;Топки / Hajduk /  Prisma
PRISMA 1V Mh;510.0;10 kW;185.0;широкая хромированная;3295.0;Топки / Hajduk /  Prisma
PRISMA 1V Mh;510.0;10 kW;185.0;шлифованная, полированная  стальная;3295.0;Топки / Hajduk /  Prisma
PRISMA 1V Mh;570.0;10 kW;185.0;черная;2880.0;Топки / Hajduk /  Prisma
PRISMA 1V Mh;570.0;10 kW;185.0;латунная;2955.0;Топки / Hajduk /  Prisma
PRISMA 1V Mh;570.0;10 kW;185.0;узкая золотая;3005.0;Топки / Hajduk /  Prisma
PRISMA 1V Mh;570.0;10 kW;185.0;широкая золотая;3480.0;Топки / Hajduk /  Prisma
PRISMA 1V Mh;570.0;10 kW;185.0;узкая хромированная;3005.0;Топки / Hajduk /  Prisma
PRISMA 1V Mh;570.0;10 kW;185.0;широкая хромированная;3480.0;Топки / Hajduk /  Prisma
PRISMA 1V Mh;570.0;10 kW;185.0;шлифованная, полированная  стальная;3480.0;Топки / Hajduk /  Prisma
PRISMA K;450.0;10 kW;185.0;черная;1775.0;Топки / Hajduk /  Prisma
PRISMA K;450.0;10 kW;185.0;латунная;1850.0;Топки / Hajduk /  Prisma
PRISMA K;450.0;10 kW;185.0;узкая золотая;1899.0;Топки / Hajduk /  Prisma
PRISMA K;450.0;10 kW;185.0;широкая золотая;2375.0;Топки / Hajduk /  Prisma
PRISMA K;450.0;10 kW;185.0;узкая хромированная;1899.0;Топки / Hajduk /  Prisma
PRISMA K;450.0;10 kW;185.0;широкая хромированная;2375.0;Топки / Hajduk /  Prisma
PRISMA K;450.0;10 kW;185.0;шлифованная, полированная  стальная;2375.0;Топки / Hajduk /  Prisma
PRISMA K;510.0;10 kW;185.0;черная;1950.0;Топки / Hajduk /  Prisma
PRISMA K;510.0;10 kW;185.0;латунная;2021.0;Топки / Hajduk /  Prisma
PRISMA K;510.0;10 kW;185.0;узкая золотая;2075.0;Топки / Hajduk /  Prisma
PRISMA K;510.0;10 kW;185.0;широкая золотая;2549.0;Топки / Hajduk /  Prisma
PRISMA K;510.0;10 kW;185.0;узкая хромированная;2075.0;Топки / Hajduk /  Prisma
PRISMA K;510.0;10 kW;185.0;широкая хромированная;2549.0;Топки / Hajduk /  Prisma
PRISMA K;510.0;10 kW;185.0;шлифованная, полированная  стальная;2549.0;Топки / Hajduk /  Prisma
PRISMA K;570.0;10 kW;185.0;черная;2115.0;Топки / Hajduk /  Prisma
PRISMA K;570.0;10 kW;185.0;латунная;2190.0;Топки / Hajduk /  Prisma
PRISMA K;570.0;10 kW;185.0;узкая золотая;2245.0;Топки / Hajduk /  Prisma
PRISMA K;570.0;10 kW;185.0;широкая золотая;2720.0;Топки / Hajduk /  Prisma
PRISMA K;570.0;10 kW;185.0;узкая хромированная;2245.0;Топки / Hajduk /  Prisma
PRISMA K;570.0;10 kW;185.0;широкая хромированная;2720.0;Топки / Hajduk /  Prisma
PRISMA K;570.0;10 kW;185.0;шлифованная, полированная  стальная;2720.0;Топки / Hajduk /  Prisma
PRISMA K    one part glass;450.0;10 kW;185.0;черная;2110.0;Топки / Hajduk /  Prisma
PRISMA K    one part glass;450.0;10 kW;185.0;латунная;2185.0;Топки / Hajduk /  Prisma
PRISMA K    one part glass;450.0;10 kW;185.0;узкая золотая;2235.0;Топки / Hajduk /  Prisma
PRISMA K    one part glass;450.0;10 kW;185.0;широкая золотая;2710.0;Топки / Hajduk /  Prisma
PRISMA K    one part glass;450.0;10 kW;185.0;узкая хромированная;2235.0;Топки / Hajduk /  Prisma
PRISMA K    one part glass;450.0;10 kW;185.0;широкая хромированная;2710.0;Топки / Hajduk /  Prisma
PRISMA K    one part glass;450.0;10 kW;185.0;шлифованная, полированная  стальная;2710.0;Топки / Hajduk /  Prisma
PRISMA K    one part glass;510.0;10 kW;185.0;черная;2240.0;Топки / Hajduk /  Prisma
PRISMA K    one part glass;510.0;10 kW;185.0;латунная;2312.0;Топки / Hajduk /  Prisma
PRISMA K    one part glass;510.0;10 kW;185.0;узкая золотая;2365.0;Топки / Hajduk /  Prisma
PRISMA K    one part glass;510.0;10 kW;185.0;широкая золотая;2840.0;Топки / Hajduk /  Prisma
PRISMA K    one part glass;510.0;10 kW;185.0;узкая хромированная;2365.0;Топки / Hajduk /  Prisma
PRISMA K    one part glass;510.0;10 kW;185.0;широкая хромированная;2840.0;Топки / Hajduk /  Prisma
PRISMA K    one part glass;510.0;10 kW;185.0;шлифованная, полированная  стальная;2840.0;Топки / Hajduk /  Prisma
PRISMA K    one part glass;570.0;10 kW;185.0;черная;2475.0;Топки / Hajduk /  Prisma
PRISMA K    one part glass;570.0;10 kW;185.0;латунная;2546.0;Топки / Hajduk /  Prisma
PRISMA K    one part glass;570.0;10 kW;185.0;узкая золотая;2598.0;Топки / Hajduk /  Prisma
PRISMA K    one part glass;570.0;10 kW;185.0;широкая золотая;3070.0;Топки / Hajduk /  Prisma
PRISMA K    one part glass;570.0;10 kW;185.0;узкая хромированная;2598.0;Топки / Hajduk /  Prisma
PRISMA K    one part glass;570.0;10 kW;185.0;широкая хромированная;3070.0;Топки / Hajduk /  Prisma
PRISMA K    one part glass;570.0;10 kW;185.0;шлифованная, полированная  стальная;3070.0;Топки / Hajduk /  Prisma
PRISMA K h;450.0;10 kW;205.0;черная;2670.0;Топки / Hajduk /  Prisma
PRISMA K h;450.0;10 kW;205.0;латунная;2745.0;Топки / Hajduk /  Prisma
PRISMA K h;450.0;10 kW;205.0;узкая золотая;2798.0;Топки / Hajduk /  Prisma
PRISMA K h;450.0;10 kW;205.0;широкая золотая;3270.0;Топки / Hajduk /  Prisma
PRISMA K h;450.0;10 kW;205.0;узкая хромированная;2798.0;Топки / Hajduk /  Prisma
PRISMA K h;450.0;10 kW;205.0;широкая хромированная;3270.0;Топки / Hajduk /  Prisma
PRISMA K h;450.0;10 kW;205.0;шлифованная, полированная  стальная;3270.0;Топки / Hajduk /  Prisma
PRISMA K h;510.0;10 kW;205.0;черная;2846.0;Топки / Hajduk /  Prisma
PRISMA K h;510.0;10 kW;205.0;латунная;2930.0;Топки / Hajduk /  Prisma
PRISMA K h;510.0;10 kW;205.0;узкая золотая;2975.0;Топки / Hajduk /  Prisma
PRISMA K h;510.0;10 kW;205.0;широкая золотая;3450.0;Топки / Hajduk /  Prisma
PRISMA K h;510.0;10 kW;205.0;узкая хромированная;2975.0;Топки / Hajduk /  Prisma
PRISMA K h;510.0;10 kW;205.0;широкая хромированная;3450.0;Топки / Hajduk /  Prisma
PRISMA K h;510.0;10 kW;205.0;шлифованная, полированная  стальная;3450.0;Топки / Hajduk /  Prisma
PRISMA K h;570.0;10 kW;205.0;черная;3030.0;Топки / Hajduk /  Prisma
PRISMA K h;570.0;10 kW;205.0;латунная;3105.0;Топки / Hajduk /  Prisma
PRISMA K h;570.0;10 kW;205.0;узкая золотая;3156.0;Топки / Hajduk /  Prisma
PRISMA K h;570.0;10 kW;205.0;широкая золотая;3630.0;Топки / Hajduk /  Prisma
PRISMA K h;570.0;10 kW;205.0;узкая хромированная;3156.0;Топки / Hajduk /  Prisma
PRISMA K h;570.0;10 kW;205.0;широкая хромированная;3630.0;Топки / Hajduk /  Prisma
PRISMA K h;570.0;10 kW;205.0;шлифованная, полированная  стальная;3630.0;Топки / Hajduk /  Prisma
PRISMA K h one part glass;450.0;10 kW;205.0;черная;2930.0;Топки / Hajduk /  Prisma
PRISMA K h one part glass;450.0;10 kW;205.0;латунная;3005.0;Топки / Hajduk /  Prisma
PRISMA K h one part glass;450.0;10 kW;205.0;узкая золотая;3056.0;Топки / Hajduk /  Prisma
PRISMA K h one part glass;450.0;10 kW;205.0;широкая золотая;3530.0;Топки / Hajduk /  Prisma
PRISMA K h one part glass;450.0;10 kW;205.0;узкая хромированная;3056.0;Топки / Hajduk /  Prisma
PRISMA K h one part glass;450.0;10 kW;205.0;широкая хромированная;3530.0;Топки / Hajduk /  Prisma
PRISMA K h one part glass;450.0;10 kW;205.0;шлифованная, полированная  стальная;3530.0;Топки / Hajduk /  Prisma
PRISMA K h one part glass;510.0;10 kW;205.0;черная;3035.0;Топки / Hajduk /  Prisma
PRISMA K h one part glass;510.0;10 kW;205.0;латунная;3110.0;Топки / Hajduk /  Prisma
PRISMA K h one part glass;510.0;10 kW;205.0;узкая золотая;3160.0;Топки / Hajduk /  Prisma
PRISMA K h one part glass;510.0;10 kW;205.0;широкая золотая;3635.0;Топки / Hajduk /  Prisma
PRISMA K h one part glass;510.0;10 kW;205.0;узкая хромированная;3160.0;Топки / Hajduk /  Prisma
PRISMA K h one part glass;510.0;10 kW;205.0;широкая хромированная;3635.0;Топки / Hajduk /  Prisma
PRISMA K h one part glass;510.0;10 kW;205.0;шлифованная, полированная  стальная;3635.0;Топки / Hajduk /  Prisma
PRISMA K h one part glass;570.0;10 kW;205.0;черная;3290.0;Топки / Hajduk /  Prisma
PRISMA K h one part glass;570.0;10 kW;205.0;латунная;3362.0;Топки / Hajduk /  Prisma
PRISMA K h one part glass;570.0;10 kW;205.0;узкая золотая;3415.0;Топки / Hajduk /  Prisma
PRISMA K h one part glass;570.0;10 kW;205.0;широкая золотая;3890.0;Топки / Hajduk /  Prisma
PRISMA K h one part glass;570.0;10 kW;205.0;узкая хромированная;3415.0;Топки / Hajduk /  Prisma
PRISMA K h one part glass;570.0;10 kW;205.0;широкая хромированная;3890.0;Топки / Hajduk /  Prisma
PRISMA K h one part glass;570.0;10 kW;205.0;шлифованная, полированная  стальная;3890.0;Топки / Hajduk /  Prisma
PRISMA KR;450.0;10 kW;185.0;черная;1999.0;Топки / Hajduk /  Prisma
PRISMA KR;450.0;10 kW;185.0;латунная;2072.0;Топки / Hajduk /  Prisma
PRISMA KR;450.0;10 kW;185.0;узкая золотая;2125.0;Топки / Hajduk /  Prisma
PRISMA KR;450.0;10 kW;185.0;широкая золотая;2600.0;Топки / Hajduk /  Prisma
PRISMA KR;450.0;10 kW;185.0;узкая хромированная;2125.0;Топки / Hajduk /  Prisma
PRISMA KR;450.0;10 kW;185.0;широкая хромированная;2600.0;Топки / Hajduk /  Prisma
PRISMA KR;450.0;10 kW;185.0;шлифованная, полированная  стальная;2600.0;Топки / Hajduk /  Prisma
PRISMA KR;510.0;10 kW;185.0;черная;2365.0;Топки / Hajduk /  Prisma
PRISMA KR;510.0;10 kW;185.0;латунная;2440.0;Топки / Hajduk /  Prisma
PRISMA KR;510.0;10 kW;185.0;узкая золотая;2490.0;Топки / Hajduk /  Prisma
PRISMA KR;510.0;10 kW;185.0;широкая золотая;2965.0;Топки / Hajduk /  Prisma
PRISMA KR;510.0;10 kW;185.0;узкая хромированная;2490.0;Топки / Hajduk /  Prisma
PRISMA KR;510.0;10 kW;185.0;широкая хромированная;2965.0;Топки / Hajduk /  Prisma
PRISMA KR;510.0;10 kW;185.0;шлифованная, полированная  стальная;2965.0;Топки / Hajduk /  Prisma
PRISMA KR;570.0;10 kW;185.0;черная;2560.0;Топки / Hajduk /  Prisma
PRISMA KR;570.0;10 kW;185.0;латунная;2635.0;Топки / Hajduk /  Prisma
PRISMA KR;570.0;10 kW;185.0;узкая золотая;2690.0;Топки / Hajduk /  Prisma
PRISMA KR;570.0;10 kW;185.0;широкая золотая;3159.0;Топки / Hajduk /  Prisma
PRISMA KR;570.0;10 kW;185.0;узкая хромированная;2690.0;Топки / Hajduk /  Prisma
PRISMA KR;570.0;10 kW;185.0;широкая хромированная;3159.0;Топки / Hajduk /  Prisma
PRISMA KR;570.0;10 kW;185.0;шлифованная, полированная  стальная;3159.0;Топки / Hajduk /  Prisma
PRISMA KRh;450.0;10 kW;205.0;черная;2990.0;Топки / Hajduk /  Prisma
PRISMA KRh;450.0;10 kW;205.0;латунная;3065.0;Топки / Hajduk /  Prisma
PRISMA KRh;450.0;10 kW;205.0;узкая золотая;3120.0;Топки / Hajduk /  Prisma
PRISMA KRh;450.0;10 kW;205.0;широкая золотая;3590.0;Топки / Hajduk /  Prisma
PRISMA KRh;450.0;10 kW;205.0;узкая хромированная;3120.0;Топки / Hajduk /  Prisma
PRISMA KRh;450.0;10 kW;205.0;широкая хромированная;3590.0;Топки / Hajduk /  Prisma
PRISMA KRh;450.0;10 kW;205.0;шлифованная, полированная  стальная;3590.0;Топки / Hajduk /  Prisma
PRISMA KRh;510.0;10 kW;205.0;черная;3095.0;Топки / Hajduk /  Prisma
PRISMA KRh;510.0;10 kW;205.0;латунная;3170.0;Топки / Hajduk /  Prisma
PRISMA KRh;510.0;10 kW;205.0;узкая золотая;3220.0;Топки / Hajduk /  Prisma
PRISMA KRh;510.0;10 kW;205.0;широкая золотая;3695.0;Топки / Hajduk /  Prisma
PRISMA KRh;510.0;10 kW;205.0;узкая хромированная;3220.0;Топки / Hajduk /  Prisma
PRISMA KRh;510.0;10 kW;205.0;широкая хромированная;3695.0;Топки / Hajduk /  Prisma
PRISMA KRh;510.0;10 kW;205.0;шлифованная, полированная  стальная;3695.0;Топки / Hajduk /  Prisma
PRISMA KRh;570.0;10 kW;205.0;черная;3355.0;Топки / Hajduk /  Prisma
PRISMA KRh;570.0;10 kW;205.0;латунная;3430.0;Топки / Hajduk /  Prisma
PRISMA KRh;570.0;10 kW;205.0;узкая золотая;3485.0;Топки / Hajduk /  Prisma
PRISMA KRh;570.0;10 kW;205.0;широкая золотая;3955.0;Топки / Hajduk /  Prisma
PRISMA KRh;570.0;10 kW;205.0;узкая хромированная;3485.0;Топки / Hajduk /  Prisma
PRISMA KRh;570.0;10 kW;205.0;широкая хромированная;3955.0;Топки / Hajduk /  Prisma
PRISMA KRh;570.0;10 kW;205.0;шлифованная, полированная  стальная;3955.0;Топки / Hajduk /  Prisma
PRISMA DR;450.0;14 kW;380.0;черная;4645.0;Топки / Hajduk /  Prisma
PRISMA DR;450.0;14 kW;380.0;латунная;4795.0;Топки / Hajduk /  Prisma
PRISMA DR;450.0;14 kW;380.0;узкая золотая;4899.0;Топки / Hajduk /  Prisma
PRISMA DR;450.0;14 kW;380.0;широкая золотая;5845.0;Топки / Hajduk /  Prisma
PRISMA DR;450.0;14 kW;380.0;узкая хромированная;4899.0;Топки / Hajduk /  Prisma
PRISMA DR;450.0;14 kW;380.0;широкая хромированная;5845.0;Топки / Hajduk /  Prisma
PRISMA DR;450.0;14 kW;380.0;шлифованная, полированная  стальная;5845.0;Топки / Hajduk /  Prisma
PRISMA DR;510.0;14 kW;380.0;черная;4830.0;Топки / Hajduk /  Prisma
PRISMA DR;510.0;14 kW;380.0;латунная;4903.0;Топки / Hajduk /  Prisma
PRISMA DR;510.0;14 kW;380.0;узкая золотая;4955.0;Топки / Hajduk /  Prisma
PRISMA DR;510.0;14 kW;380.0;широкая золотая;6030.0;Топки / Hajduk /  Prisma
PRISMA DR;510.0;14 kW;380.0;узкая хромированная;4955.0;Топки / Hajduk /  Prisma
PRISMA DR;510.0;14 kW;380.0;широкая хромированная;6030.0;Топки / Hajduk /  Prisma
PRISMA DR;510.0;14 kW;380.0;шлифованная, полированная  стальная;6030.0;Топки / Hajduk /  Prisma
PRISMA DR;570.0;14 kW;380.0;черная;5010.0;Топки / Hajduk /  Prisma
PRISMA DR;570.0;14 kW;380.0;латунная;5085.0;Топки / Hajduk /  Prisma
PRISMA DR;570.0;14 kW;380.0;узкая золотая;5135.0;Топки / Hajduk /  Prisma
PRISMA DR;570.0;14 kW;380.0;широкая золотая;6210.0;Топки / Hajduk /  Prisma
PRISMA DR;570.0;14 kW;380.0;узкая хромированная;5135.0;Топки / Hajduk /  Prisma
PRISMA DR;570.0;14 kW;380.0;широкая хромированная;6210.0;Топки / Hajduk /  Prisma
PRISMA DR;570.0;14 kW;380.0;шлифованная, полированная  стальная;6210.0;Топки / Hajduk /  Prisma
PRISMA DRh;450.0;14 kW;410.0;черная;5475.0;Топки / Hajduk /  Prisma
PRISMA DRh;450.0;14 kW;410.0;латунная;5549.0;Топки / Hajduk /  Prisma
PRISMA DRh;450.0;14 kW;410.0;узкая золотая;5600.0;Топки / Hajduk /  Prisma
PRISMA DRh;450.0;14 kW;410.0;широкая золотая;6210.0;Топки / Hajduk /  Prisma
PRISMA DRh;450.0;14 kW;410.0;узкая хромированная;5600.0;Топки / Hajduk /  Prisma
PRISMA DRh;450.0;14 kW;410.0;широкая хромированная;6210.0;Топки / Hajduk /  Prisma
PRISMA DRh;450.0;14 kW;410.0;шлифованная, полированная  стальная;6210.0;Топки / Hajduk /  Prisma
PRISMA DRh;510.0;14 kW;410.0;черная;5590.0;Топки / Hajduk /  Prisma
PRISMA DRh;510.0;14 kW;410.0;латунная;5660.0;Топки / Hajduk /  Prisma
PRISMA DRh;510.0;14 kW;410.0;узкая золотая;5715.0;Топки / Hajduk /  Prisma
PRISMA DRh;510.0;14 kW;410.0;широкая золотая;6210.0;Топки / Hajduk /  Prisma
PRISMA DRh;510.0;14 kW;410.0;узкая хромированная;5715.0;Топки / Hajduk /  Prisma
PRISMA DRh;510.0;14 kW;410.0;широкая хромированная;6210.0;Топки / Hajduk /  Prisma
PRISMA DRh;510.0;14 kW;410.0;шлифованная, полированная  стальная;6210.0;Топки / Hajduk /  Prisma
PRISMA DRh;570.0;14 kW;410.0;черная;5695.0;Топки / Hajduk /  Prisma
PRISMA DRh;570.0;14 kW;410.0;латунная;5768.0;Топки / Hajduk /  Prisma
PRISMA DRh;570.0;14 kW;410.0;узкая золотая;5820.0;Топки / Hajduk /  Prisma
PRISMA DRh;570.0;14 kW;410.0;широкая золотая;6210.0;Топки / Hajduk /  Prisma
PRISMA DRh;570.0;14 kW;410.0;узкая хромированная;5820.0;Топки / Hajduk /  Prisma
PRISMA DRh;570.0;14 kW;410.0;широкая хромированная;6210.0;Топки / Hajduk /  Prisma
PRISMA DRh;570.0;14 kW;410.0;шлифованная, полированная  стальная;6210.0;Топки / Hajduk /  Prisma
PRISMA E;450.0;13 kW;210.0;черная;2075.0;Топки / Hajduk /  Prisma
PRISMA E;450.0;13 kW;210.0;латунная;2150.0;Топки / Hajduk /  Prisma
PRISMA E;450.0;13 kW;210.0;узкая золотая;2205.0;Топки / Hajduk /  Prisma
PRISMA E;450.0;13 kW;210.0;широкая золотая;2675.0;Топки / Hajduk /  Prisma
PRISMA E;450.0;13 kW;210.0;узкая хромированная;2205.0;Топки / Hajduk /  Prisma
PRISMA E;450.0;13 kW;210.0;широкая хромированная;2675.0;Топки / Hajduk /  Prisma
PRISMA E;450.0;13 kW;210.0;шлифованная, полированная  стальная;2675.0;Топки / Hajduk /  Prisma
PRISMA E;510.0;13 kW;210.0;черная;2256.0;Топки / Hajduk /  Prisma
PRISMA E;510.0;13 kW;210.0;латунная;2335.0;Топки / Hajduk /  Prisma
PRISMA E;510.0;13 kW;210.0;узкая золотая;2385.0;Топки / Hajduk /  Prisma
PRISMA E;510.0;13 kW;210.0;широкая золотая;2860.0;Топки / Hajduk /  Prisma
PRISMA E;510.0;13 kW;210.0;узкая хромированная;2385.0;Топки / Hajduk /  Prisma
PRISMA E;510.0;13 kW;210.0;широкая хромированная;2860.0;Топки / Hajduk /  Prisma
PRISMA E;510.0;13 kW;210.0;шлифованная, полированная  стальная;2860.0;Топки / Hajduk /  Prisma
PRISMA E;570.0;13 kW;210.0;черная;2435.0;Топки / Hajduk /  Prisma
PRISMA E;570.0;13 kW;210.0;латунная;2505.0;Топки / Hajduk /  Prisma
PRISMA E;570.0;13 kW;210.0;узкая золотая;2560.0;Топки / Hajduk /  Prisma
PRISMA E;570.0;13 kW;210.0;широкая золотая;3032.0;Топки / Hajduk /  Prisma
PRISMA E;570.0;13 kW;210.0;узкая хромированная;2560.0;Топки / Hajduk /  Prisma
PRISMA E;570.0;13 kW;210.0;широкая хромированная;3032.0;Топки / Hajduk /  Prisma
PRISMA E;570.0;13 kW;210.0;шлифованная, полированная  стальная;3032.0;Топки / Hajduk /  Prisma
PRISMA E one part glass;450.0;13 kW;210.0;черная;2275.0;Топки / Hajduk /  Prisma
PRISMA E one part glass;450.0;13 kW;210.0;латунная;2350.0;Топки / Hajduk /  Prisma
PRISMA E one part glass;450.0;13 kW;210.0;узкая золотая;2405.0;Топки / Hajduk /  Prisma
PRISMA E one part glass;450.0;13 kW;210.0;широкая золотая;2876.0;Топки / Hajduk /  Prisma
PRISMA E one part glass;450.0;13 kW;210.0;узкая хромированная;2405.0;Топки / Hajduk /  Prisma
PRISMA E one part glass;450.0;13 kW;210.0;широкая хромированная;2876.0;Топки / Hajduk /  Prisma
PRISMA E one part glass;450.0;13 kW;210.0;шлифованная, полированная  стальная;2876.0;Топки / Hajduk /  Prisma
PRISMA E one part glass;510.0;13 kW;210.0;черная;2469.0;Топки / Hajduk /  Prisma
PRISMA E one part glass;510.0;13 kW;210.0;латунная;2545.0;Топки / Hajduk /  Prisma
PRISMA E one part glass;510.0;13 kW;210.0;узкая золотая;2595.0;Топки / Hajduk /  Prisma
PRISMA E one part glass;510.0;13 kW;210.0;широкая золотая;3070.0;Топки / Hajduk /  Prisma
PRISMA E one part glass;510.0;13 kW;210.0;узкая хромированная;2595.0;Топки / Hajduk /  Prisma
PRISMA E one part glass;510.0;13 kW;210.0;широкая хромированная;3070.0;Топки / Hajduk /  Prisma
PRISMA E one part glass;510.0;13 kW;210.0;шлифованная, полированная  стальная;3070.0;Топки / Hajduk /  Prisma
PRISMA E one part glass;570.0;13 kW;210.0;черная;2682.0;Топки / Hajduk /  Prisma
PRISMA E one part glass;570.0;13 kW;210.0;латунная;2760.0;Топки / Hajduk /  Prisma
PRISMA E one part glass;570.0;13 kW;210.0;узкая золотая;2810.0;Топки / Hajduk /  Prisma
PRISMA E one part glass;570.0;13 kW;210.0;широкая золотая;3285.0;Топки / Hajduk /  Prisma
PRISMA E one part glass;570.0;13 kW;210.0;узкая хромированная;2810.0;Топки / Hajduk /  Prisma
PRISMA E one part glass;570.0;13 kW;210.0;широкая хромированная;3285.0;Топки / Hajduk /  Prisma
PRISMA E one part glass;570.0;13 kW;210.0;шлифованная, полированная  стальная;3285.0;Топки / Hajduk /  Prisma
PRISMA E h;450.0;13 kW;230.0;черная;2945.0;Топки / Hajduk /  Prisma
PRISMA E h;450.0;13 kW;230.0;латунная;3020.0;Топки / Hajduk /  Prisma
PRISMA E h;450.0;13 kW;230.0;узкая золотая;3070.0;Топки / Hajduk /  Prisma
PRISMA E h;450.0;13 kW;230.0;широкая золотая;3545.0;Топки / Hajduk /  Prisma
PRISMA E h;450.0;13 kW;230.0;узкая хромированная;3070.0;Топки / Hajduk /  Prisma
PRISMA E h;450.0;13 kW;230.0;широкая хромированная;3545.0;Топки / Hajduk /  Prisma
PRISMA E h;450.0;13 kW;230.0;шлифованная, полированная  стальная;3545.0;Топки / Hajduk /  Prisma
PRISMA E h;510.0;13 kW;230.0;черная;3105.0;Топки / Hajduk /  Prisma
PRISMA E h;510.0;13 kW;230.0;латунная;3180.0;Топки / Hajduk /  Prisma
PRISMA E h;510.0;13 kW;230.0;узкая золотая;3230.0;Топки / Hajduk /  Prisma
PRISMA E h;510.0;13 kW;230.0;широкая золотая;3710.0;Топки / Hajduk /  Prisma
PRISMA E h;510.0;13 kW;230.0;узкая хромированная;3230.0;Топки / Hajduk /  Prisma
PRISMA E h;510.0;13 kW;230.0;широкая хромированная;3710.0;Топки / Hajduk /  Prisma
PRISMA E h;510.0;13 kW;230.0;шлифованная, полированная  стальная;3710.0;Топки / Hajduk /  Prisma
PRISMA E h;570.0;13 kW;230.0;черная;3285.0;Топки / Hajduk /  Prisma
PRISMA E h;570.0;13 kW;230.0;латунная;3360.0;Топки / Hajduk /  Prisma
PRISMA E h;570.0;13 kW;230.0;узкая золотая;3410.0;Топки / Hajduk /  Prisma
PRISMA E h;570.0;13 kW;230.0;широкая золотая;3885.0;Топки / Hajduk /  Prisma
PRISMA E h;570.0;13 kW;230.0;узкая хромированная;3410.0;Топки / Hajduk /  Prisma
PRISMA E h;570.0;13 kW;230.0;широкая хромированная;3885.0;Топки / Hajduk /  Prisma
PRISMA E h;570.0;13 kW;230.0;шлифованная, полированная  стальная;3885.0;Топки / Hajduk /  Prisma
PRISMA E h one part glass;450.0;13 kW;230.0;черная;3075.0;Топки / Hajduk /  Prisma
PRISMA E h one part glass;450.0;13 kW;230.0;латунная;3150.0;Топки / Hajduk /  Prisma
PRISMA E h one part glass;450.0;13 kW;230.0;узкая золотая;3205.0;Топки / Hajduk /  Prisma
PRISMA E h one part glass;450.0;13 kW;230.0;широкая золотая;3675.0;Топки / Hajduk /  Prisma
PRISMA E h one part glass;450.0;13 kW;230.0;узкая хромированная;3205.0;Топки / Hajduk /  Prisma
PRISMA E h one part glass;450.0;13 kW;230.0;широкая хромированная;3675.0;Топки / Hajduk /  Prisma
PRISMA E h one part glass;450.0;13 kW;230.0;шлифованная, полированная  стальная;3675.0;Топки / Hajduk /  Prisma
PRISMA E h one part glass;510.0;13 kW;230.0;черная;3225.0;Топки / Hajduk /  Prisma
PRISMA E h one part glass;510.0;13 kW;230.0;латунная;3310.0;Топки / Hajduk /  Prisma
PRISMA E h one part glass;510.0;13 kW;230.0;узкая золотая;3350.0;Топки / Hajduk /  Prisma
PRISMA E h one part glass;510.0;13 kW;230.0;широкая золотая;3830.0;Топки / Hajduk /  Prisma
PRISMA E h one part glass;510.0;13 kW;230.0;узкая хромированная;3350.0;Топки / Hajduk /  Prisma
PRISMA E h one part glass;510.0;13 kW;230.0;широкая хромированная;3830.0;Топки / Hajduk /  Prisma
PRISMA E h one part glass;510.0;13 kW;230.0;шлифованная, полированная  стальная;3830.0;Топки / Hajduk /  Prisma
PRISMA E h one part glass;570.0;13 kW;230.0;черная;3475.0;Топки / Hajduk /  Prisma
PRISMA E h one part glass;570.0;13 kW;230.0;латунная;3550.0;Топки / Hajduk /  Prisma
PRISMA E h one part glass;570.0;13 kW;230.0;узкая золотая;3598.0;Топки / Hajduk /  Prisma
PRISMA E h one part glass;570.0;13 kW;230.0;широкая золотая;4070.0;Топки / Hajduk /  Prisma
PRISMA E h one part glass;570.0;13 kW;230.0;узкая хромированная;3598.0;Топки / Hajduk /  Prisma
PRISMA E h one part glass;570.0;13 kW;230.0;широкая хромированная;4070.0;Топки / Hajduk /  Prisma
PRISMA E h one part glass;570.0;13 kW;230.0;шлифованная, полированная  стальная;4070.0;Топки / Hajduk /  Prisma
PRISMA E-FD;450.0;13 kW;195.0;черная;2705.0;Топки / Hajduk /  Prisma
PRISMA E-FD;450.0;13 kW;195.0;латунная;2855.0;Топки / Hajduk /  Prisma
PRISMA E-FD;450.0;13 kW;195.0;узкая золотая;2960.0;Топки / Hajduk /  Prisma
PRISMA E-FD;450.0;13 kW;195.0;широкая золотая;3905.0;Топки / Hajduk /  Prisma
PRISMA E-FD;450.0;13 kW;195.0;узкая хромированная;2960.0;Топки / Hajduk /  Prisma
PRISMA E-FD;450.0;13 kW;195.0;широкая хромированная;3905.0;Топки / Hajduk /  Prisma
PRISMA E-FD;450.0;13 kW;195.0;шлифованная, полированная  стальная;3905.0;Топки / Hajduk /  Prisma
PRISMA E-FD;510.0;13 kW;195.0;черная;2885.0;Топки / Hajduk /  Prisma
PRISMA E-FD;510.0;13 kW;195.0;латунная;3035.0;Топки / Hajduk /  Prisma
PRISMA E-FD;510.0;13 kW;195.0;узкая золотая;3135.0;Топки / Hajduk /  Prisma
PRISMA E-FD;510.0;13 kW;195.0;широкая золотая;4085.0;Топки / Hajduk /  Prisma
PRISMA E-FD;510.0;13 kW;195.0;узкая хромированная;3135.0;Топки / Hajduk /  Prisma
PRISMA E-FD;510.0;13 kW;195.0;широкая хромированная;4085.0;Топки / Hajduk /  Prisma
PRISMA E-FD;510.0;13 kW;195.0;шлифованная, полированная  стальная;4085.0;Топки / Hajduk /  Prisma
PRISMA E-FD;570.0;13 kW;195.0;черная;3065.0;Топки / Hajduk /  Prisma
PRISMA E-FD;570.0;13 kW;195.0;латунная;3210.0;Топки / Hajduk /  Prisma
PRISMA E-FD;570.0;13 kW;195.0;узкая золотая;3315.0;Топки / Hajduk /  Prisma
PRISMA E-FD;570.0;13 kW;195.0;широкая золотая;4260.0;Топки / Hajduk /  Prisma
PRISMA E-FD;570.0;13 kW;195.0;узкая хромированная;3315.0;Топки / Hajduk /  Prisma
PRISMA E-FD;570.0;13 kW;195.0;широкая хромированная;4260.0;Топки / Hajduk /  Prisma
PRISMA E-FD;570.0;13 kW;195.0;шлифованная, полированная  стальная;4260.0;Топки / Hajduk /  Prisma
PRISMA E-FD one part glass;450.0;13 kW;195.0;черная;3150.0;Топки / Hajduk /  Prisma
PRISMA E-FD one part glass;450.0;13 kW;195.0;латунная;3300.0;Топки / Hajduk /  Prisma
PRISMA E-FD one part glass;450.0;13 kW;195.0;узкая золотая;3405.0;Топки / Hajduk /  Prisma
PRISMA E-FD one part glass;450.0;13 kW;195.0;широкая золотая;4354.0;Топки / Hajduk /  Prisma
PRISMA E-FD one part glass;450.0;13 kW;195.0;узкая хромированная;3405.0;Топки / Hajduk /  Prisma
PRISMA E-FD one part glass;450.0;13 kW;195.0;широкая хромированная;4354.0;Топки / Hajduk /  Prisma
PRISMA E-FD one part glass;450.0;13 kW;195.0;шлифованная, полированная  стальная;4354.0;Топки / Hajduk /  Prisma
PRISMA E-FD one part glass;510.0;13 kW;195.0;черная;3295.0;Топки / Hajduk /  Prisma
PRISMA E-FD one part glass;510.0;13 kW;195.0;латунная;3443.0;Топки / Hajduk /  Prisma
PRISMA E-FD one part glass;510.0;13 kW;195.0;узкая золотая;3485.0;Топки / Hajduk /  Prisma
PRISMA E-FD one part glass;510.0;13 kW;195.0;широкая золотая;4493.0;Топки / Hajduk /  Prisma
PRISMA E-FD one part glass;510.0;13 kW;195.0;узкая хромированная;3485.0;Топки / Hajduk /  Prisma
PRISMA E-FD one part glass;510.0;13 kW;195.0;широкая хромированная;4493.0;Топки / Hajduk /  Prisma
PRISMA E-FD one part glass;510.0;13 kW;195.0;шлифованная, полированная  стальная;4493.0;Топки / Hajduk /  Prisma
PRISMA E-FD one part glass;570.0;13 kW;195.0;черная;3935.0;Топки / Hajduk /  Prisma
PRISMA E-FD one part glass;570.0;13 kW;195.0;латунная;4085.0;Топки / Hajduk /  Prisma
PRISMA E-FD one part glass;570.0;13 kW;195.0;узкая золотая;4185.0;Топки / Hajduk /  Prisma
PRISMA E-FD one part glass;570.0;13 kW;195.0;широкая золотая;5135.0;Топки / Hajduk /  Prisma
PRISMA E-FD one part glass;570.0;13 kW;195.0;узкая хромированная;4185.0;Топки / Hajduk /  Prisma
PRISMA E-FD one part glass;570.0;13 kW;195.0;широкая хромированная;5135.0;Топки / Hajduk /  Prisma
PRISMA E-FD one part glass;570.0;13 kW;195.0;шлифованная, полированная  стальная;5135.0;Топки / Hajduk /  Prisma
PRISMA E-FD h;450.0;13 kW;215.0;черная;3655.0;Топки / Hajduk /  Prisma
PRISMA E-FD h;450.0;13 kW;215.0;латунная;3805.0;Топки / Hajduk /  Prisma
PRISMA E-FD h;450.0;13 kW;215.0;узкая золотая;3910.0;Топки / Hajduk /  Prisma
PRISMA E-FD h;450.0;13 kW;215.0;широкая золотая;4855.0;Топки / Hajduk /  Prisma
PRISMA E-FD h;450.0;13 kW;215.0;узкая хромированная;3910.0;Топки / Hajduk /  Prisma
PRISMA E-FD h;450.0;13 kW;215.0;широкая хромированная;4855.0;Топки / Hajduk /  Prisma
PRISMA E-FD h;450.0;13 kW;215.0;шлифованная, полированная  стальная;4855.0;Топки / Hajduk /  Prisma
PRISMA E-FD h;510.0;13 kW;215.0;черная;3830.0;Топки / Hajduk /  Prisma
PRISMA E-FD h;510.0;13 kW;215.0;латунная;3980.0;Топки / Hajduk /  Prisma
PRISMA E-FD h;510.0;13 kW;215.0;узкая золотая;4085.0;Топки / Hajduk /  Prisma
PRISMA E-FD h;510.0;13 kW;215.0;широкая золотая;5035.0;Топки / Hajduk /  Prisma
PRISMA E-FD h;510.0;13 kW;215.0;узкая хромированная;4085.0;Топки / Hajduk /  Prisma
PRISMA E-FD h;510.0;13 kW;215.0;широкая хромированная;5035.0;Топки / Hajduk /  Prisma
PRISMA E-FD h;510.0;13 kW;215.0;шлифованная, полированная  стальная;5035.0;Топки / Hajduk /  Prisma
PRISMA E-FD h;570.0;13 kW;215.0;черная;4010.0;Топки / Hajduk /  Prisma
PRISMA E-FD h;570.0;13 kW;215.0;латунная;4157.0;Топки / Hajduk /  Prisma
PRISMA E-FD h;570.0;13 kW;215.0;узкая золотая;4259.0;Топки / Hajduk /  Prisma
PRISMA E-FD h;570.0;13 kW;215.0;широкая золотая;5207.0;Топки / Hajduk /  Prisma
PRISMA E-FD h;570.0;13 kW;215.0;узкая хромированная;4259.0;Топки / Hajduk /  Prisma
PRISMA E-FD h;570.0;13 kW;215.0;широкая хромированная;5207.0;Топки / Hajduk /  Prisma
PRISMA E-FD h;570.0;13 kW;215.0;шлифованная, полированная  стальная;5207.0;Топки / Hajduk /  Prisma
PRISMA E-FD one part glass;450.0;13 kW;215.0;черная;3910.0;Топки / Hajduk /  Prisma
PRISMA E-FD one part glass;450.0;13 kW;215.0;латунная;4060.0;Топки / Hajduk /  Prisma
PRISMA E-FD one part glass;450.0;13 kW;215.0;узкая золотая;4165.0;Топки / Hajduk /  Prisma
PRISMA E-FD one part glass;450.0;13 kW;215.0;широкая золотая;5110.0;Топки / Hajduk /  Prisma
PRISMA E-FD one part glass;450.0;13 kW;215.0;узкая хромированная;4165.0;Топки / Hajduk /  Prisma
PRISMA E-FD one part glass;450.0;13 kW;215.0;широкая хромированная;5110.0;Топки / Hajduk /  Prisma
PRISMA E-FD one part glass;450.0;13 kW;215.0;шлифованная, полированная  стальная;5110.0;Топки / Hajduk /  Prisma
PRISMA E-FD one part glass;510.0;13 kW;215.0;черная;4015.0;Топки / Hajduk /  Prisma
PRISMA E-FD one part glass;510.0;13 kW;215.0;латунная;4160.0;Топки / Hajduk /  Prisma
PRISMA E-FD one part glass;510.0;13 kW;215.0;узкая золотая;4265.0;Топки / Hajduk /  Prisma
PRISMA E-FD one part glass;510.0;13 kW;215.0;широкая золотая;5215.0;Топки / Hajduk /  Prisma
PRISMA E-FD one part glass;510.0;13 kW;215.0;узкая хромированная;4265.0;Топки / Hajduk /  Prisma
PRISMA E-FD one part glass;510.0;13 kW;215.0;широкая хромированная;5215.0;Топки / Hajduk /  Prisma
PRISMA E-FD one part glass;510.0;13 kW;215.0;шлифованная, полированная  стальная;5215.0;Топки / Hajduk /  Prisma
PRISMA E-FD one part glass;570.0;13 kW;215.0;черная;4530.0;Топки / Hajduk /  Prisma
PRISMA E-FD one part glass;570.0;13 kW;215.0;латунная;4680.0;Топки / Hajduk /  Prisma
PRISMA E-FD one part glass;570.0;13 kW;215.0;узкая золотая;4785.0;Топки / Hajduk /  Prisma
PRISMA E-FD one part glass;570.0;13 kW;215.0;широкая золотая;5730.0;Топки / Hajduk /  Prisma
PRISMA E-FD one part glass;570.0;13 kW;215.0;узкая хромированная;4785.0;Топки / Hajduk /  Prisma
PRISMA E-FD one part glass;570.0;13 kW;215.0;широкая хромированная;5730.0;Топки / Hajduk /  Prisma
PRISMA E-FD one part glass;570.0;13 kW;215.0;шлифованная, полированная  стальная;5730.0;Топки / Hajduk /  Prisma
VOLCANO  1V;450.0;14 kW;230.0;черная;1870.0;Топки / Hajduk /  Volcano
VOLCANO  1V;450.0;14 kW;230.0;латунная;1945.0;Топки / Hajduk /  Volcano
VOLCANO  1V;450.0;14 kW;230.0;узкая золотая;1995.0;Топки / Hajduk /  Volcano
VOLCANO  1V;450.0;14 kW;230.0;широкая золотая;2469.0;Топки / Hajduk /  Volcano
VOLCANO  1V;450.0;14 kW;230.0;узкая хромированная;1995.0;Топки / Hajduk /  Volcano
VOLCANO  1V;450.0;14 kW;230.0;широкая хромированная;2469.0;Топки / Hajduk /  Volcano
VOLCANO  1V;450.0;14 kW;230.0;шлифованная, полированная  стальная;2469.0;Топки / Hajduk /  Volcano
VOLCANO  1V;510.0;14 kW;230.0;черная;1935.0;Топки / Hajduk /  Volcano
VOLCANO  1V;510.0;14 kW;230.0;латунная;2010.0;Топки / Hajduk /  Volcano
VOLCANO  1V;510.0;14 kW;230.0;узкая золотая;2063.0;Топки / Hajduk /  Volcano
VOLCANO  1V;510.0;14 kW;230.0;широкая золотая;2535.0;Топки / Hajduk /  Volcano
VOLCANO  1V;510.0;14 kW;230.0;узкая хромированная;2063.0;Топки / Hajduk /  Volcano
VOLCANO  1V;510.0;14 kW;230.0;широкая хромированная;2535.0;Топки / Hajduk /  Volcano
VOLCANO  1V;510.0;14 kW;230.0;шлифованная, полированная  стальная;2535.0;Топки / Hajduk /  Volcano
VOLCANO  1V;570.0;14 kW;230.0;черная;2150.0;Топки / Hajduk /  Volcano
VOLCANO  1V;570.0;14 kW;230.0;латунная;2225.0;Топки / Hajduk /  Volcano
VOLCANO  1V;570.0;14 kW;230.0;узкая золотая;2278.0;Топки / Hajduk /  Volcano
VOLCANO  1V;570.0;14 kW;230.0;широкая золотая;2750.0;Топки / Hajduk /  Volcano
VOLCANO  1V;570.0;14 kW;230.0;узкая хромированная;2278.0;Топки / Hajduk /  Volcano
VOLCANO  1V;570.0;14 kW;230.0;широкая хромированная;2750.0;Топки / Hajduk /  Volcano
VOLCANO  1V;570.0;14 kW;230.0;шлифованная, полированная  стальная;2750.0;Топки / Hajduk /  Volcano
VOLCANO 1V h;450.0;14 kW;260.0;черная;2615.0;Топки / Hajduk /  Volcano
VOLCANO 1V h;450.0;14 kW;260.0;латунная;2689.0;Топки / Hajduk /  Volcano
VOLCANO 1V h;450.0;14 kW;260.0;узкая золотая;2737.0;Топки / Hajduk /  Volcano
VOLCANO 1V h;450.0;14 kW;260.0;широкая золотая;3215.0;Топки / Hajduk /  Volcano
VOLCANO 1V h;450.0;14 kW;260.0;узкая хромированная;2737.0;Топки / Hajduk /  Volcano
VOLCANO 1V h;450.0;14 kW;260.0;широкая хромированная;3215.0;Топки / Hajduk /  Volcano
VOLCANO 1V h;450.0;14 kW;260.0;шлифованная, полированная  стальная;3215.0;Топки / Hajduk /  Volcano
VOLCANO 1V h;510.0;14 kW;260.0;черная;2760.0;Топки / Hajduk /  Volcano
VOLCANO 1V h;510.0;14 kW;260.0;латунная;2835.0;Топки / Hajduk /  Volcano
VOLCANO 1V h;510.0;14 kW;260.0;узкая золотая;2885.0;Топки / Hajduk /  Volcano
VOLCANO 1V h;510.0;14 kW;260.0;широкая золотая;3360.0;Топки / Hajduk /  Volcano
VOLCANO 1V h;510.0;14 kW;260.0;узкая хромированная;2885.0;Топки / Hajduk /  Volcano
VOLCANO 1V h;510.0;14 kW;260.0;широкая хромированная;3360.0;Топки / Hajduk /  Volcano
VOLCANO 1V h;510.0;14 kW;260.0;шлифованная, полированная  стальная;3360.0;Топки / Hajduk /  Volcano
VOLCANO 1V h;570.0;14 kW;260.0;черная;2957.0;Топки / Hajduk /  Volcano
VOLCANO 1V h;570.0;14 kW;260.0;латунная;3032.0;Топки / Hajduk /  Volcano
VOLCANO 1V h;570.0;14 kW;260.0;узкая золотая;3080.0;Топки / Hajduk /  Volcano
VOLCANO 1V h;570.0;14 kW;260.0;широкая золотая;3555.0;Топки / Hajduk /  Volcano
VOLCANO 1V h;570.0;14 kW;260.0;узкая хромированная;3080.0;Топки / Hajduk /  Volcano
VOLCANO 1V h;570.0;14 kW;260.0;широкая хромированная;3555.0;Топки / Hajduk /  Volcano
VOLCANO 1V h;570.0;14 kW;260.0;шлифованная, полированная  стальная;3555.0;Топки / Hajduk /  Volcano
VOLCANO 1VT;510.0;14 kW;230.0;черная;1985.0;Топки / Hajduk /  Volcano
VOLCANO 1VT;510.0;14 kW;230.0;латунная;3032.0;Топки / Hajduk /  Volcano
VOLCANO 1VT;510.0;14 kW;230.0;узкая золотая;2145.0;Топки / Hajduk /  Volcano
VOLCANO 1VT;510.0;14 kW;230.0;широкая золотая;3555.0;Топки / Hajduk /  Volcano
VOLCANO 1VT;510.0;14 kW;230.0;узкая хромированная;2145.0;Топки / Hajduk /  Volcano
VOLCANO 1VT;510.0;14 kW;230.0;широкая хромированная;3555.0;Топки / Hajduk /  Volcano
VOLCANO 1VT;510.0;14 kW;230.0;шлифованная, полированная  стальная;3555.0;Топки / Hajduk /  Volcano
VOLCANO AT New !;450.0;11 kW;240.0;черная;2385.0;Топки / Hajduk /  Volcano
VOLCANO AT New !;450.0;11 kW;240.0;латунная;3032.0;Топки / Hajduk /  Volcano
VOLCANO AT New !;450.0;11 kW;240.0;узкая золотая;2555.0;Топки / Hajduk /  Volcano
VOLCANO AT New !;450.0;11 kW;240.0;широкая золотая;3555.0;Топки / Hajduk /  Volcano
VOLCANO AT New !;450.0;11 kW;240.0;узкая хромированная;2555.0;Топки / Hajduk /  Volcano
VOLCANO AT New !;450.0;11 kW;240.0;широкая хромированная;3555.0;Топки / Hajduk /  Volcano
VOLCANO AT New !;450.0;11 kW;240.0;шлифованная, полированная  стальная;3555.0;Топки / Hajduk /  Volcano
VOLCANO ATh New !;450.0;11 kW;240.0;черная;3640.0;Топки / Hajduk /  Volcano
VOLCANO ATh New !;450.0;11 kW;240.0;латунная;3032.0;Топки / Hajduk /  Volcano
VOLCANO ATh New !;450.0;11 kW;240.0;узкая золотая;3810.0;Топки / Hajduk /  Volcano
VOLCANO ATh New !;450.0;11 kW;240.0;широкая золотая;3555.0;Топки / Hajduk /  Volcano
VOLCANO ATh New !;450.0;11 kW;240.0;узкая хромированная;3810.0;Топки / Hajduk /  Volcano
VOLCANO ATh New !;450.0;11 kW;240.0;широкая хромированная;3555.0;Топки / Hajduk /  Volcano
VOLCANO ATh New !;450.0;11 kW;240.0;шлифованная, полированная  стальная;3555.0;Топки / Hajduk /  Volcano
VOLCANO N;510.0;14 kW;220.0;черная;2065.0;Топки / Hajduk /  Volcano
VOLCANO N;510.0;14 kW;220.0;латунная;2140.0;Топки / Hajduk /  Volcano
VOLCANO N;510.0;14 kW;220.0;узкая золотая;2190.0;Топки / Hajduk /  Volcano
VOLCANO N;510.0;14 kW;220.0;широкая золотая;2665.0;Топки / Hajduk /  Volcano
VOLCANO N;510.0;14 kW;220.0;узкая хромированная;2190.0;Топки / Hajduk /  Volcano
VOLCANO N;510.0;14 kW;220.0;широкая хромированная;2665.0;Топки / Hajduk /  Volcano
VOLCANO N;510.0;14 kW;220.0;шлифованная, полированная  стальная;2665.0;Топки / Hajduk /  Volcano
VOLCANO N h;510.0;14 kW;240.0;черная;3020.0;Топки / Hajduk /  Volcano
VOLCANO N h;510.0;14 kW;240.0;латунная;3098.0;Топки / Hajduk /  Volcano
VOLCANO N h;510.0;14 kW;240.0;узкая золотая;3150.0;Топки / Hajduk /  Volcano
VOLCANO N h;510.0;14 kW;240.0;широкая золотая;3625.0;Топки / Hajduk /  Volcano
VOLCANO N h;510.0;14 kW;240.0;узкая хромированная;3150.0;Топки / Hajduk /  Volcano
VOLCANO N h;510.0;14 kW;240.0;широкая хромированная;3625.0;Топки / Hajduk /  Volcano
VOLCANO N h;510.0;14 kW;240.0;шлифованная, полированная  стальная;3625.0;Топки / Hajduk /  Volcano
VOLCANO FD;450.0;14 kW;215.0;черная;2540.0;Топки / Hajduk /  Volcano
VOLCANO FD;450.0;14 kW;215.0;латунная;2690.0;Топки / Hajduk /  Volcano
VOLCANO FD;450.0;14 kW;215.0;узкая золотая;2795.0;Топки / Hajduk /  Volcano
VOLCANO FD;450.0;14 kW;215.0;широкая золотая;3740.0;Топки / Hajduk /  Volcano
VOLCANO FD;450.0;14 kW;215.0;узкая хромированная;2795.0;Топки / Hajduk /  Volcano
VOLCANO FD;450.0;14 kW;215.0;широкая хромированная;3740.0;Топки / Hajduk /  Volcano
VOLCANO FD;450.0;14 kW;215.0;шлифованная, полированная  стальная;3740.0;Топки / Hajduk /  Volcano
VOLCANO FD;510.0;14 kW;215.0;черная;2695.0;Топки / Hajduk /  Volcano
VOLCANO FD;510.0;14 kW;215.0;латунная;2845.0;Топки / Hajduk /  Volcano
VOLCANO FD;510.0;14 kW;215.0;узкая золотая;2945.0;Топки / Hajduk /  Volcano
VOLCANO FD;510.0;14 kW;215.0;широкая золотая;3895.0;Топки / Hajduk /  Volcano
VOLCANO FD;510.0;14 kW;215.0;узкая хромированная;2945.0;Топки / Hajduk /  Volcano
VOLCANO FD;510.0;14 kW;215.0;широкая хромированная;3895.0;Топки / Hajduk /  Volcano
VOLCANO FD;510.0;14 kW;215.0;шлифованная, полированная  стальная;3895.0;Топки / Hajduk /  Volcano
VOLCANO FD;570.0;14 kW;215.0;черная;2845.0;Топки / Hajduk /  Volcano
VOLCANO FD;570.0;14 kW;215.0;латунная;2995.0;Топки / Hajduk /  Volcano
VOLCANO FD;570.0;14 kW;215.0;узкая золотая;3040.0;Топки / Hajduk /  Volcano
VOLCANO FD;570.0;14 kW;215.0;широкая золотая;4042.0;Топки / Hajduk /  Volcano
VOLCANO FD;570.0;14 kW;215.0;узкая хромированная;3040.0;Топки / Hajduk /  Volcano
VOLCANO FD;570.0;14 kW;215.0;широкая хромированная;4042.0;Топки / Hajduk /  Volcano
VOLCANO FD;570.0;14 kW;215.0;шлифованная, полированная  стальная;4042.0;Топки / Hajduk /  Volcano
VOLCANO FD h;450.0;14 kW;245.0;черная;3383.0;Топки / Hajduk /  Volcano
VOLCANO FD h;450.0;14 kW;245.0;латунная;3530.0;Топки / Hajduk /  Volcano
VOLCANO FD h;450.0;14 kW;245.0;узкая золотая;3635.0;Топки / Hajduk /  Volcano
VOLCANO FD h;450.0;14 kW;245.0;широкая золотая;4580.0;Топки / Hajduk /  Volcano
VOLCANO FD h;450.0;14 kW;245.0;узкая хромированная;3635.0;Топки / Hajduk /  Volcano
VOLCANO FD h;450.0;14 kW;245.0;широкая хромированная;4580.0;Топки / Hajduk /  Volcano
VOLCANO FD h;450.0;14 kW;245.0;шлифованная, полированная  стальная;4580.0;Топки / Hajduk /  Volcano
VOLCANO FD h;510.0;14 kW;245.0;черная;3505.0;Топки / Hajduk /  Volcano
VOLCANO FD h;510.0;14 kW;245.0;латунная;3655.0;Топки / Hajduk /  Volcano
VOLCANO FD h;510.0;14 kW;245.0;узкая золотая;3759.0;Топки / Hajduk /  Volcano
VOLCANO FD h;510.0;14 kW;245.0;широкая золотая;4705.0;Топки / Hajduk /  Volcano
VOLCANO FD h;510.0;14 kW;245.0;узкая хромированная;3759.0;Топки / Hajduk /  Volcano
VOLCANO FD h;510.0;14 kW;245.0;широкая хромированная;4705.0;Топки / Hajduk /  Volcano
VOLCANO FD h;510.0;14 kW;245.0;шлифованная, полированная  стальная;4705.0;Топки / Hajduk /  Volcano
VOLCANO FD h;570.0;14 kW;245.0;черная;3769.0;Топки / Hajduk /  Volcano
VOLCANO FD h;570.0;14 kW;245.0;латунная;3915.0;Топки / Hajduk /  Volcano
VOLCANO FD h;570.0;14 kW;245.0;узкая золотая;4015.0;Топки / Hajduk /  Volcano
VOLCANO FD h;570.0;14 kW;245.0;широкая золотая;4965.0;Топки / Hajduk /  Volcano
VOLCANO FD h;570.0;14 kW;245.0;узкая хромированная;4015.0;Топки / Hajduk /  Volcano
VOLCANO FD h;570.0;14 kW;245.0;широкая хромированная;4965.0;Топки / Hajduk /  Volcano
VOLCANO FD h;570.0;14 kW;245.0;шлифованная, полированная  стальная;4965.0;Топки / Hajduk /  Volcano
VOLCANO 2P/2L;450.0;14 kW;220.0;черная;2080.0;Топки / Hajduk /  Volcano
VOLCANO 2P/2L;450.0;14 kW;220.0;латунная;2155.0;Топки / Hajduk /  Volcano
VOLCANO 2P/2L;450.0;14 kW;220.0;узкая золотая;2210.0;Топки / Hajduk /  Volcano
VOLCANO 2P/2L;450.0;14 kW;220.0;широкая золотая;2680.0;Топки / Hajduk /  Volcano
VOLCANO 2P/2L;450.0;14 kW;220.0;узкая хромированная;2210.0;Топки / Hajduk /  Volcano
VOLCANO 2P/2L;450.0;14 kW;220.0;широкая хромированная;2680.0;Топки / Hajduk /  Volcano
VOLCANO 2P/2L;450.0;14 kW;220.0;шлифованная, полированная  стальная;2680.0;Топки / Hajduk /  Volcano
VOLCANO 2P/2L;510.0;11 kW;220.0;черная;2230.0;Топки / Hajduk /  Volcano
VOLCANO 2P/2L;510.0;11 kW;220.0;латунная;2305.0;Топки / Hajduk /  Volcano
VOLCANO 2P/2L;510.0;11 kW;220.0;узкая золотая;2355.0;Топки / Hajduk /  Volcano
VOLCANO 2P/2L;510.0;11 kW;220.0;широкая золотая;2830.0;Топки / Hajduk /  Volcano
VOLCANO 2P/2L;510.0;11 kW;220.0;узкая хромированная;2355.0;Топки / Hajduk /  Volcano
VOLCANO 2P/2L;510.0;11 kW;220.0;широкая хромированная;2830.0;Топки / Hajduk /  Volcano
VOLCANO 2P/2L;510.0;11 kW;220.0;шлифованная, полированная  стальная;2830.0;Топки / Hajduk /  Volcano
VOLCANO 2P/2L;570.0;11 kW;220.0;черная;2380.0;Топки / Hajduk /  Volcano
VOLCANO 2P/2L;570.0;11 kW;220.0;латунная;2452.0;Топки / Hajduk /  Volcano
VOLCANO 2P/2L;570.0;11 kW;220.0;узкая золотая;2505.0;Топки / Hajduk /  Volcano
VOLCANO 2P/2L;570.0;11 kW;220.0;широкая золотая;2980.0;Топки / Hajduk /  Volcano
VOLCANO 2P/2L;570.0;11 kW;220.0;узкая хромированная;2505.0;Топки / Hajduk /  Volcano
VOLCANO 2P/2L;570.0;11 kW;220.0;широкая хромированная;2980.0;Топки / Hajduk /  Volcano
VOLCANO 2P/2L;570.0;11 kW;220.0;шлифованная, полированная  стальная;2980.0;Топки / Hajduk /  Volcano
VOLCANO 2P/2L  without pole;450.0;14 kW;220.0;черная;2080.0;Топки / Hajduk /  Volcano
VOLCANO 2P/2L  without pole;450.0;14 kW;220.0;латунная;2155.0;Топки / Hajduk /  Volcano
VOLCANO 2P/2L  without pole;450.0;14 kW;220.0;узкая золотая;2210.0;Топки / Hajduk /  Volcano
VOLCANO 2P/2L  without pole;450.0;14 kW;220.0;широкая золотая;2680.0;Топки / Hajduk /  Volcano
VOLCANO 2P/2L  without pole;450.0;14 kW;220.0;узкая хромированная;2210.0;Топки / Hajduk /  Volcano
VOLCANO 2P/2L  without pole;450.0;14 kW;220.0;широкая хромированная;2680.0;Топки / Hajduk /  Volcano
VOLCANO 2P/2L  without pole;450.0;14 kW;220.0;шлифованная, полированная  стальная;2680.0;Топки / Hajduk /  Volcano
VOLCANO 2P/2L  without pole;510.0;14 kW;220.0;черная;2230.0;Топки / Hajduk /  Volcano
VOLCANO 2P/2L  without pole;510.0;14 kW;220.0;латунная;2305.0;Топки / Hajduk /  Volcano
VOLCANO 2P/2L  without pole;510.0;14 kW;220.0;узкая золотая;2355.0;Топки / Hajduk /  Volcano
VOLCANO 2P/2L  without pole;510.0;14 kW;220.0;широкая золотая;2830.0;Топки / Hajduk /  Volcano
VOLCANO 2P/2L  without pole;510.0;14 kW;220.0;узкая хромированная;2355.0;Топки / Hajduk /  Volcano
VOLCANO 2P/2L  without pole;510.0;14 kW;220.0;широкая хромированная;2830.0;Топки / Hajduk /  Volcano
VOLCANO 2P/2L  without pole;510.0;14 kW;220.0;шлифованная, полированная  стальная;2830.0;Топки / Hajduk /  Volcano
VOLCANO 2PT/2LT New ! without pole ,one part glass;510.0;14 kW;220.0;черная;2815.0;Топки / Hajduk /  Volcano
VOLCANO 2PT/2LT New ! without pole ,one part glass;510.0;14 kW;220.0;латунная;2305.0;Топки / Hajduk /  Volcano
VOLCANO 2PT/2LT New ! without pole ,one part glass;510.0;14 kW;220.0;узкая золотая;2999.0;Топки / Hajduk /  Volcano
VOLCANO 2PT/2LT New ! without pole ,one part glass;510.0;14 kW;220.0;широкая золотая;2830.0;Топки / Hajduk /  Volcano
VOLCANO 2PT/2LT New ! without pole ,one part glass;510.0;14 kW;220.0;узкая хромированная;2999.0;Топки / Hajduk /  Volcano
VOLCANO 2PT/2LT New ! without pole ,one part glass;510.0;14 kW;220.0;широкая хромированная;2830.0;Топки / Hajduk /  Volcano
VOLCANO 2PT/2LT New ! without pole ,one part glass;510.0;14 kW;220.0;шлифованная, полированная  стальная;2830.0;Топки / Hajduk /  Volcano
VOLCANO 2P/2L h;450.0;14 kW;260.0;черная;2899.0;Топки / Hajduk /  Volcano
VOLCANO 2P/2L h;450.0;14 kW;260.0;латунная;2971.0;Топки / Hajduk /  Volcano
VOLCANO 2P/2L h;450.0;14 kW;260.0;узкая золотая;3025.0;Топки / Hajduk /  Volcano
VOLCANO 2P/2L h;450.0;14 kW;260.0;широкая золотая;3499.0;Топки / Hajduk /  Volcano
VOLCANO 2P/2L h;450.0;14 kW;260.0;узкая хромированная;3025.0;Топки / Hajduk /  Volcano
VOLCANO 2P/2L h;450.0;14 kW;260.0;широкая хромированная;3499.0;Топки / Hajduk /  Volcano
VOLCANO 2P/2L h;450.0;14 kW;260.0;шлифованная, полированная  стальная;3499.0;Топки / Hajduk /  Volcano
VOLCANO 2P/2L h;510.0;14 kW;260.0;черная;2930.0;Топки / Hajduk /  Volcano
VOLCANO 2P/2L h;510.0;14 kW;260.0;латунная;3000.0;Топки / Hajduk /  Volcano
VOLCANO 2P/2L h;510.0;14 kW;260.0;узкая золотая;3055.0;Топки / Hajduk /  Volcano
VOLCANO 2P/2L h;510.0;14 kW;260.0;широкая золотая;3530.0;Топки / Hajduk /  Volcano
VOLCANO 2P/2L h;510.0;14 kW;260.0;узкая хромированная;3055.0;Топки / Hajduk /  Volcano
VOLCANO 2P/2L h;510.0;14 kW;260.0;широкая хромированная;3530.0;Топки / Hajduk /  Volcano
VOLCANO 2P/2L h;510.0;14 kW;260.0;шлифованная, полированная  стальная;3530.0;Топки / Hajduk /  Volcano
VOLCANO 2P/2L h;570.0;14 kW;260.0;черная;2965.0;Топки / Hajduk /  Volcano
VOLCANO 2P/2L h;570.0;14 kW;260.0;латунная;3040.0;Топки / Hajduk /  Volcano
VOLCANO 2P/2L h;570.0;14 kW;260.0;узкая золотая;3090.0;Топки / Hajduk /  Volcano
VOLCANO 2P/2L h;570.0;14 kW;260.0;широкая золотая;3565.0;Топки / Hajduk /  Volcano
VOLCANO 2P/2L h;570.0;14 kW;260.0;узкая хромированная;3090.0;Топки / Hajduk /  Volcano
VOLCANO 2P/2L h;570.0;14 kW;260.0;широкая хромированная;3565.0;Топки / Hajduk /  Volcano
VOLCANO 2P/2L h;570.0;14 kW;260.0;шлифованная, полированная  стальная;3565.0;Топки / Hajduk /  Volcano
VOLCANO 2P/2L h one part glass;570.0;14 kW;260.0;черная;3355.0;Топки / Hajduk /  Volcano
VOLCANO 2P/2L h one part glass;570.0;14 kW;260.0;латунная;3430.0;Топки / Hajduk /  Volcano
VOLCANO 2P/2L h one part glass;570.0;14 kW;260.0;узкая золотая;3479.0;Топки / Hajduk /  Volcano
VOLCANO 2P/2L h one part glass;570.0;14 kW;260.0;широкая золотая;3955.0;Топки / Hajduk /  Volcano
VOLCANO 2P/2L h one part glass;570.0;14 kW;260.0;узкая хромированная;3479.0;Топки / Hajduk /  Volcano
VOLCANO 2P/2L h one part glass;570.0;14 kW;260.0;широкая хромированная;3955.0;Топки / Hajduk /  Volcano
VOLCANO 2P/2L h one part glass;570.0;14 kW;260.0;шлифованная, полированная  стальная;3955.0;Топки / Hajduk /  Volcano
VOLCANO 2PR/2LR h;510.0;14 kW;260.0;черная;3390.0;Топки / Hajduk /  Volcano
VOLCANO 2PR/2LR h;510.0;14 kW;260.0;латунная;3430.0;Топки / Hajduk /  Volcano
VOLCANO 2PR/2LR h;510.0;14 kW;260.0;узкая золотая;3479.0;Топки / Hajduk /  Volcano
VOLCANO 2PR/2LR h;510.0;14 kW;260.0;широкая золотая;3955.0;Топки / Hajduk /  Volcano
VOLCANO 2PR/2LR h;510.0;14 kW;260.0;узкая хромированная;3479.0;Топки / Hajduk /  Volcano
VOLCANO 2PR/2LR h;510.0;14 kW;260.0;широкая хромированная;3955.0;Топки / Hajduk /  Volcano
VOLCANO 2PR/2LR h;510.0;14 kW;260.0;шлифованная, полированная  стальная;3955.0;Топки / Hajduk /  Volcano
VOLCANO 3PL;450.0;14 kW;220.0;черная;2515.0;Топки / Hajduk /  Volcano
VOLCANO 3PL;450.0;14 kW;220.0;латунная;2590.0;Топки / Hajduk /  Volcano
VOLCANO 3PL;450.0;14 kW;220.0;узкая золотая;2640.0;Топки / Hajduk /  Volcano
VOLCANO 3PL;450.0;14 kW;220.0;широкая золотая;3115.0;Топки / Hajduk /  Volcano
VOLCANO 3PL;450.0;14 kW;220.0;узкая хромированная;2640.0;Топки / Hajduk /  Volcano
VOLCANO 3PL;450.0;14 kW;220.0;широкая хромированная;3115.0;Топки / Hajduk /  Volcano
VOLCANO 3PL;450.0;14 kW;220.0;шлифованная, полированная  стальная;3115.0;Топки / Hajduk /  Volcano
VOLCANO 3PL;510.0;14 kW;220.0;черная;2660.0;Топки / Hajduk /  Volcano
VOLCANO 3PL;510.0;14 kW;220.0;латунная;2735.0;Топки / Hajduk /  Volcano
VOLCANO 3PL;510.0;14 kW;220.0;узкая золотая;2785.0;Топки / Hajduk /  Volcano
VOLCANO 3PL;510.0;14 kW;220.0;широкая золотая;3262.0;Топки / Hajduk /  Volcano
VOLCANO 3PL;510.0;14 kW;220.0;узкая хромированная;2785.0;Топки / Hajduk /  Volcano
VOLCANO 3PL;510.0;14 kW;220.0;широкая хромированная;3262.0;Топки / Hajduk /  Volcano
VOLCANO 3PL;510.0;14 kW;220.0;шлифованная, полированная  стальная;3262.0;Топки / Hajduk /  Volcano
VOLCANO 3PL;570.0;14 kW;220.0;черная;2810.0;Топки / Hajduk /  Volcano
VOLCANO 3PL;570.0;14 kW;220.0;латунная;2885.0;Топки / Hajduk /  Volcano
VOLCANO 3PL;570.0;14 kW;220.0;узкая золотая;2935.0;Топки / Hajduk /  Volcano
VOLCANO 3PL;570.0;14 kW;220.0;широкая золотая;3410.0;Топки / Hajduk /  Volcano
VOLCANO 3PL;570.0;14 kW;220.0;узкая хромированная;2935.0;Топки / Hajduk /  Volcano
VOLCANO 3PL;570.0;14 kW;220.0;широкая хромированная;3410.0;Топки / Hajduk /  Volcano
VOLCANO 3PL;570.0;14 kW;220.0;шлифованная, полированная  стальная;3410.0;Топки / Hajduk /  Volcano
VOLCANO 3PL h;450.0;14 kW;270.0;черная;3655.0;Топки / Hajduk /  Volcano
VOLCANO 3PL h;450.0;14 kW;270.0;латунная;3730.0;Топки / Hajduk /  Volcano
VOLCANO 3PL h;450.0;14 kW;270.0;узкая золотая;3780.0;Топки / Hajduk /  Volcano
VOLCANO 3PL h;450.0;14 kW;270.0;широкая золотая;3972.0;Топки / Hajduk /  Volcano
VOLCANO 3PL h;450.0;14 kW;270.0;узкая хромированная;3780.0;Топки / Hajduk /  Volcano
VOLCANO 3PL h;450.0;14 kW;270.0;широкая хромированная;3972.0;Топки / Hajduk /  Volcano
VOLCANO 3PL h;450.0;14 kW;270.0;шлифованная, полированная  стальная;3972.0;Топки / Hajduk /  Volcano
VOLCANO 3PL h;510.0;14 kW;270.0;черная;3910.0;Топки / Hajduk /  Volcano
VOLCANO 3PL h;510.0;14 kW;270.0;латунная;3975.0;Топки / Hajduk /  Volcano
VOLCANO 3PL h;510.0;14 kW;270.0;узкая золотая;4025.0;Топки / Hajduk /  Volcano
VOLCANO 3PL h;510.0;14 kW;270.0;широкая золотая;3098.0;Топки / Hajduk /  Volcano
VOLCANO 3PL h;510.0;14 kW;270.0;узкая хромированная;4025.0;Топки / Hajduk /  Volcano
VOLCANO 3PL h;510.0;14 kW;270.0;широкая хромированная;3098.0;Топки / Hajduk /  Volcano
VOLCANO 3PL h;510.0;14 kW;270.0;шлифованная, полированная  стальная;3098.0;Топки / Hajduk /  Volcano
VOLCANO 3PL h;570.0;14 kW;270.0;черная;3950.0;Топки / Hajduk /  Volcano
VOLCANO 3PL h;570.0;14 kW;270.0;латунная;4010.0;Топки / Hajduk /  Volcano
VOLCANO 3PL h;570.0;14 kW;270.0;узкая золотая;4060.0;Топки / Hajduk /  Volcano
VOLCANO 3PL h;570.0;14 kW;270.0;широкая золотая;3882.0;Топки / Hajduk /  Volcano
VOLCANO 3PL h;570.0;14 kW;270.0;узкая хромированная;4060.0;Топки / Hajduk /  Volcano
VOLCANO 3PL h;570.0;14 kW;270.0;широкая хромированная;3882.0;Топки / Hajduk /  Volcano
VOLCANO 3PL h;570.0;14 kW;270.0;шлифованная, полированная  стальная;3882.0;Топки / Hajduk /  Volcano
VOLCANO F;510.0;14 kW;230.0;черная;3375.0;Топки / Hajduk /  Volcano
VOLCANO F;510.0;14 kW;230.0;латунная;3450.0;Топки / Hajduk /  Volcano
VOLCANO F;510.0;14 kW;230.0;узкая золотая;3499.0;Топки / Hajduk /  Volcano
VOLCANO F;510.0;14 kW;230.0;широкая золотая;3378.0;Топки / Hajduk /  Volcano
VOLCANO F;510.0;14 kW;230.0;узкая хромированная;3499.0;Топки / Hajduk /  Volcano
VOLCANO F;510.0;14 kW;230.0;широкая хромированная;3378.0;Топки / Hajduk /  Volcano
VOLCANO F;510.0;14 kW;230.0;шлифованная, полированная  стальная;3378.0;Топки / Hajduk /  Volcano
VOLCANO S;615.0;15 kW;300.0;черная;2498.0;Топки / Hajduk /  Volcano
VOLCANO S;615.0;15 kW;300.0;латунная;2575.0;Топки / Hajduk /  Volcano
VOLCANO S;615.0;15 kW;300.0;узкая золотая;2630.0;Топки / Hajduk /  Volcano
VOLCANO S;615.0;15 kW;300.0;широкая золотая;3099.0;Топки / Hajduk /  Volcano
VOLCANO S;615.0;15 kW;300.0;узкая хромированная;2630.0;Топки / Hajduk /  Volcano
VOLCANO S;615.0;15 kW;300.0;широкая хромированная;3099.0;Топки / Hajduk /  Volcano
VOLCANO S;615.0;15 kW;300.0;шлифованная, полированная  стальная;3099.0;Топки / Hajduk /  Volcano
VOLCANO Sh;615.0;15 kW;350.0;черная;3282.0;Топки / Hajduk /  Volcano
VOLCANO Sh;615.0;15 kW;350.0;латунная;3355.0;Топки / Hajduk /  Volcano
VOLCANO Sh;615.0;15 kW;350.0;узкая золотая;3410.0;Топки / Hajduk /  Volcano
VOLCANO Sh;615.0;15 kW;350.0;широкая золотая;3882.0;Топки / Hajduk /  Volcano
VOLCANO Sh;615.0;15 kW;350.0;узкая хромированная;3410.0;Топки / Hajduk /  Volcano
VOLCANO Sh;615.0;15 kW;350.0;широкая хромированная;3882.0;Топки / Hajduk /  Volcano
VOLCANO Sh;615.0;15 kW;350.0;шлифованная, полированная  стальная;3882.0;Топки / Hajduk /  Volcano
VOLCANO SR;615.0;15 kW;300.0;черная;2780.0;Топки / Hajduk /  Volcano
VOLCANO SR;615.0;15 kW;300.0;латунная;3355.0;Топки / Hajduk /  Volcano
VOLCANO SR;615.0;15 kW;300.0;узкая золотая;3410.0;Топки / Hajduk /  Volcano
VOLCANO SR;615.0;15 kW;300.0;широкая золотая;3380.0;Топки / Hajduk /  Volcano
VOLCANO SR;615.0;15 kW;300.0;узкая хромированная;3410.0;Топки / Hajduk /  Volcano
VOLCANO SR;615.0;15 kW;300.0;широкая хромированная;3380.0;Топки / Hajduk /  Volcano
VOLCANO SR;615.0;15 kW;300.0;шлифованная, полированная  стальная;3380.0;Топки / Hajduk /  Volcano
VOLCANO SRh;615.0;15 kW;350.0;черная;3715.0;Топки / Hajduk /  Volcano
VOLCANO SRh;615.0;15 kW;350.0;латунная;3355.0;Топки / Hajduk /  Volcano
VOLCANO SRh;615.0;15 kW;350.0;узкая золотая;3410.0;Топки / Hajduk /  Volcano
VOLCANO SRh;615.0;15 kW;350.0;широкая золотая;4310.0;Топки / Hajduk /  Volcano
VOLCANO SRh;615.0;15 kW;350.0;узкая хромированная;3410.0;Топки / Hajduk /  Volcano
VOLCANO SRh;615.0;15 kW;350.0;широкая хромированная;4310.0;Топки / Hajduk /  Volcano
VOLCANO SRh;615.0;15 kW;350.0;шлифованная, полированная  стальная;4310.0;Топки / Hajduk /  Volcano
VOLCANO SE;570.0;15 kW;320.0;черная;3292.0;Топки / Hajduk /  Volcano
VOLCANO SE;570.0;15 kW;320.0;латунная;3441.0;Топки / Hajduk /  Volcano
VOLCANO SE;570.0;15 kW;320.0;узкая золотая;3545.0;Топки / Hajduk /  Volcano
VOLCANO SE;570.0;15 kW;320.0;широкая золотая;3895.0;Топки / Hajduk /  Volcano
VOLCANO SE;570.0;15 kW;320.0;узкая хромированная;3545.0;Топки / Hajduk /  Volcano
VOLCANO SE;570.0;15 kW;320.0;широкая хромированная;3895.0;Топки / Hajduk /  Volcano
VOLCANO SE;570.0;15 kW;320.0;шлифованная, полированная  стальная;3895.0;Топки / Hajduk /  Volcano
VOLCANO D;510.0;10,5 kW;380.0;черная;3735.0;Топки / Hajduk /  Volcano
VOLCANO D;510.0;10,5 kW;380.0;латунная;3845.0;Топки / Hajduk /  Volcano
VOLCANO D;510.0;10,5 kW;380.0;узкая золотая;3920.0;Топки / Hajduk /  Volcano
VOLCANO D;510.0;10,5 kW;380.0;широкая золотая;3895.0;Топки / Hajduk /  Volcano
VOLCANO D;510.0;10,5 kW;380.0;узкая хромированная;3920.0;Топки / Hajduk /  Volcano
VOLCANO D;510.0;10,5 kW;380.0;широкая хромированная;3895.0;Топки / Hajduk /  Volcano
VOLCANO D;510.0;10,5 kW;380.0;шлифованная, полированная  стальная;3895.0;Топки / Hajduk /  Volcano
VOLCANO D-FD;510.0;10,5 kW;360.0;черная;5020.0;Топки / Hajduk /  Volcano
VOLCANO D-FD;510.0;10,5 kW;360.0;латунная;5245.0;Топки / Hajduk /  Volcano
VOLCANO D-FD;510.0;10,5 kW;360.0;узкая золотая;5398.0;Топки / Hajduk /  Volcano
VOLCANO D-FD;510.0;10,5 kW;360.0;широкая золотая;3895.0;Топки / Hajduk /  Volcano
VOLCANO D-FD;510.0;10,5 kW;360.0;узкая хромированная;5398.0;Топки / Hajduk /  Volcano
VOLCANO D-FD;510.0;10,5 kW;360.0;широкая хромированная;3895.0;Топки / Hajduk /  Volcano
VOLCANO D-FD;510.0;10,5 kW;360.0;шлифованная, полированная  стальная;3895.0;Топки / Hajduk /  Volcano
EXEL;650.0;8 kW;200.0;черная;2389.0;Топки / Hajduk /  Exel
EXEL;650.0;8 kW;200.0;латунная;2465.0;Топки / Hajduk /  Exel
EXEL;650.0;8 kW;200.0;узкая золотая;2515.0;Топки / Hajduk /  Exel
EXEL;650.0;8 kW;200.0;широкая золотая;2989.0;Топки / Hajduk /  Exel
EXEL;650.0;8 kW;200.0;узкая хромированная;2515.0;Топки / Hajduk /  Exel
EXEL;650.0;8 kW;200.0;широкая хромированная;2989.0;Топки / Hajduk /  Exel
EXEL;650.0;8 kW;200.0;шлифованная, полированная  стальная;2989.0;Топки / Hajduk /  Exel
EXEL S;650.0;8 kW;200.0;черная;2455.0;Топки / Hajduk /  Exel
EXEL S;650.0;8 kW;200.0;латунная;2530.0;Топки / Hajduk /  Exel
EXEL S;650.0;8 kW;200.0;узкая золотая;2580.0;Топки / Hajduk /  Exel
EXEL S;650.0;8 kW;200.0;широкая золотая;3055.0;Топки / Hajduk /  Exel
EXEL S;650.0;8 kW;200.0;узкая хромированная;2580.0;Топки / Hajduk /  Exel
EXEL S;650.0;8 kW;200.0;широкая хромированная;3055.0;Топки / Hajduk /  Exel
EXEL S;650.0;8 kW;200.0;шлифованная, полированная  стальная;3055.0;Топки / Hajduk /  Exel
EXEL D;800.0;8 kW;230.0;черная;2985.0;Топки / Hajduk /  Exel
EXEL D;800.0;8 kW;230.0;латунная;3060.0;Топки / Hajduk /  Exel
EXEL D;800.0;8 kW;230.0;узкая золотая;3112.0;Топки / Hajduk /  Exel
EXEL D;800.0;8 kW;230.0;широкая золотая;3589.0;Топки / Hajduk /  Exel
EXEL D;800.0;8 kW;230.0;узкая хромированная;3112.0;Топки / Hajduk /  Exel
EXEL D;800.0;8 kW;230.0;широкая хромированная;3589.0;Топки / Hajduk /  Exel
EXEL D;800.0;8 kW;230.0;шлифованная, полированная  стальная;3589.0;Топки / Hajduk /  Exel
EXEL DS;800.0;8 kW;230.0;черная;3145.0;Топки / Hajduk /  Exel
EXEL DS;800.0;8 kW;230.0;латунная;3220.0;Топки / Hajduk /  Exel
EXEL DS;800.0;8 kW;230.0;узкая золотая;3275.0;Топки / Hajduk /  Exel
EXEL DS;800.0;8 kW;230.0;широкая золотая;3749.0;Топки / Hajduk /  Exel
EXEL DS;800.0;8 kW;230.0;узкая хромированная;3275.0;Топки / Hajduk /  Exel
EXEL DS;800.0;8 kW;230.0;широкая хромированная;3749.0;Топки / Hajduk /  Exel
EXEL DS;800.0;8 kW;230.0;шлифованная, полированная  стальная;3749.0;Топки / Hajduk /  Exel
EXEL DN;800.0;14 kW;400.0;черная;3490.0;Топки / Hajduk /  Exel
EXEL DN;800.0;14 kW;400.0;латунная;3565.0;Топки / Hajduk /  Exel
EXEL DN;800.0;14 kW;400.0;узкая золотая;3618.0;Топки / Hajduk /  Exel
EXEL DN;800.0;14 kW;400.0;широкая золотая;4092.0;Топки / Hajduk /  Exel
EXEL DN;800.0;14 kW;400.0;узкая хромированная;3618.0;Топки / Hajduk /  Exel
EXEL DN;800.0;14 kW;400.0;широкая хромированная;4092.0;Топки / Hajduk /  Exel
EXEL DN;800.0;14 kW;400.0;шлифованная, полированная  стальная;4092.0;Топки / Hajduk /  Exel
GOLIATH;600.0;14 kW;400.0;черная;4315.0;Топки / Hajduk /  Goliath
GOLIATH;600.0;14 kW;400.0;латунная;4465.0;Топки / Hajduk /  Goliath
GOLIATH;600.0;14 kW;400.0;узкая золотая;4565.0;Топки / Hajduk /  Goliath
GOLIATH;600.0;14 kW;400.0;широкая золотая;4092.0;Топки / Hajduk /  Goliath
GOLIATH;600.0;14 kW;400.0;узкая хромированная;4565.0;Топки / Hajduk /  Goliath
GOLIATH;600.0;14 kW;400.0;широкая хромированная;4092.0;Топки / Hajduk /  Goliath
GOLIATH;600.0;14 kW;400.0;шлифованная, полированная  стальная;4092.0;Топки / Hajduk /  Goliath
KASETA MK;500.0;6 kW;105.0;черная;825.0;Топки / Hajduk /  Kaseta M
KASETA MK;500.0;6 kW;105.0;латунная;905.0;Топки / Hajduk /  Kaseta M
KASETA MK;500.0;6 kW;105.0;узкая золотая;955.0;Топки / Hajduk /  Kaseta M
KASETA MK;500.0;6 kW;105.0;широкая золотая;1430.0;Топки / Hajduk /  Kaseta M
KASETA MK;500.0;6 kW;105.0;узкая хромированная;955.0;Топки / Hajduk /  Kaseta M
KASETA MK;500.0;6 kW;105.0;широкая хромированная;1430.0;Топки / Hajduk /  Kaseta M
KASETA MK;500.0;6 kW;105.0;шлифованная, полированная  стальная;1430.0;Топки / Hajduk /  Kaseta M
KASETA MP;500.0;5 kW;85.0;черная;945.0;Топки / Hajduk /  Kaseta M
KASETA MP;500.0;5 kW;85.0;латунная;1020.0;Топки / Hajduk /  Kaseta M
KASETA MP;500.0;5 kW;85.0;узкая золотая;1069.0;Топки / Hajduk /  Kaseta M
KASETA MP;500.0;5 kW;85.0;широкая золотая;1545.0;Топки / Hajduk /  Kaseta M
KASETA MP;500.0;5 kW;85.0;узкая хромированная;1069.0;Топки / Hajduk /  Kaseta M
KASETA MP;500.0;5 kW;85.0;широкая хромированная;1545.0;Топки / Hajduk /  Kaseta M
KASETA MP;500.0;5 kW;85.0;шлифованная, полированная  стальная;1545.0;Топки / Hajduk /  Kaseta M
KASETA MP one part glass;500.0;5 kW;85.0;черная;1162.0;Топки / Hajduk /  Kaseta M
KASETA MP one part glass;500.0;5 kW;85.0;латунная;1239.0;Топки / Hajduk /  Kaseta M
KASETA MP one part glass;500.0;5 kW;85.0;узкая золотая;1289.0;Топки / Hajduk /  Kaseta M
KASETA MP one part glass;500.0;5 kW;85.0;широкая золотая;1762.0;Топки / Hajduk /  Kaseta M
KASETA MP one part glass;500.0;5 kW;85.0;узкая хромированная;1289.0;Топки / Hajduk /  Kaseta M
KASETA MP one part glass;500.0;5 kW;85.0;широкая хромированная;1762.0;Топки / Hajduk /  Kaseta M
KASETA MP one part glass;500.0;5 kW;85.0;шлифованная, полированная  стальная;1762.0;Топки / Hajduk /  Kaseta M
KASETA MKW;500.0;5 kW;85.0;черная;1520.0;Топки / Hajduk /  Kaseta M
KASETA MKW;500.0;5 kW;85.0;латунная;1599.0;Топки / Hajduk /  Kaseta M
KASETA MKW;500.0;5 kW;85.0;узкая золотая;1645.0;Топки / Hajduk /  Kaseta M
KASETA MKW;500.0;5 kW;85.0;широкая золотая;2119.0;Топки / Hajduk /  Kaseta M
KASETA MKW;500.0;5 kW;85.0;узкая хромированная;1645.0;Топки / Hajduk /  Kaseta M
KASETA MKW;500.0;5 kW;85.0;широкая хромированная;2119.0;Топки / Hajduk /  Kaseta M
KASETA MKW;500.0;5 kW;85.0;шлифованная, полированная  стальная;2119.0;Топки / Hajduk /  Kaseta M