Заголовок;Содержимое;Описание;Категория;Артикул;Изображение;В наличии;Цена;Цена на распродаже;Начало распродажи;Время начала распродажи;Дата окончания распродажи;Время окончания распродажи;Масса;Размер;Мощность;Высота стекла;Рамка
SMART  1V     ;;;Серия Smart;S 925;;;1285.0;;;;;;160.0;;8 kW;450.0;черная 
SMART  1V;;;Серия Smart;SV511;;;1358.0;;;;;;160.0;;8 kW;450.0;латунная 
SMART  1V     ;;;Серия Smart;S 201;;;1410.0;;;;;;160.0;;8 kW;450.0;узкая золотая  
SMART  1V     ;;;Серия Smart;S 365;;;1885.0;;;;;;160.0;;8 kW;450.0;широкая золотая  
SMART  1V     ;;;Серия Smart;S 210;;;1410.0;;;;;;160.0;;8 kW;450.0;узкая хромированная 
SMART  1V     ;;;Серия Smart;S 949;;;1885.0;;;;;;160.0;;8 kW;450.0;широкая хромированная 
SMART  1V     ;;;Серия Smart;S 946;;;1885.0;;;;;;160.0;;8 kW;450.0;шлифованная, полированная  стальная 
SMART  1V     ;;;Серия Smart;S 321;;;1435.0;;;;;;160.0;;8 kW;510.0;черная 
SMART  1V     ;;;Серия Smart;S 313;;;1510.0;;;;;;160.0;;8 kW;510.0;латунная 
SMART  1V     ;;;Серия Smart;S 664;;;1560.0;;;;;;160.0;;8 kW;510.0;узкая золотая  
SMART  1V     ;;;Серия Smart;S 520;;;2035.0;;;;;;160.0;;8 kW;510.0;широкая золотая  
SMART  1V     ;;;Серия Smart;S 748;;;1560.0;;;;;;160.0;;8 kW;510.0;узкая хромированная 
SMART  1V     ;;;Серия Smart;S 504;;;2035.0;;;;;;160.0;;8 kW;510.0;широкая хромированная 
SMART  1V     ;;;Серия Smart;S 545;;;2035.0;;;;;;160.0;;8 kW;510.0;шлифованная, полированная  стальная 
SMART  1V     ;;;Серия Smart;S 295;;;1540.0;;;;;;160.0;;8 kW;570.0;черная 
SMART  1V     ;;;Серия Smart;S 487;;;1615.0;;;;;;160.0;;8 kW;570.0;латунная 
SMART  1V     ;;;Серия Smart;S 515;;;1665.0;;;;;;160.0;;8 kW;570.0;узкая золотая  
SMART  1V     ;;;Серия Smart;S 853;;;2140.0;;;;;;160.0;;8 kW;570.0;широкая золотая  
SMART  1V     ;;;Серия Smart;S 751;;;1665.0;;;;;;160.0;;8 kW;570.0;узкая хромированная 
SMART  1V     ;;;Серия Smart;S 910;;;2140.0;;;;;;160.0;;8 kW;570.0;широкая хромированная 
SMART  1V     ;;;Серия Smart;S 394;;;2140.0;;;;;;160.0;;8 kW;570.0;шлифованная, полированная  стальная 
SMART  1V h;;;Серия Smart;Sh519;;;2190.0;;;;;;180.0;;8 kW;450.0;черная 
SMART  1V h;;;Серия Smart;Sh865;;;2263.0;;;;;;180.0;;8 kW;450.0;латунная 
SMART  1V h;;;Серия Smart;Sh136;;;2315.0;;;;;;180.0;;8 kW;450.0;узкая золотая  
SMART  1V h;;;Серия Smart;Sh826;;;2788.0;;;;;;180.0;;8 kW;450.0;широкая золотая  
SMART  1V h;;;Серия Smart;Sh182;;;2315.0;;;;;;180.0;;8 kW;450.0;узкая хромированная 
SMART  1V h;;;Серия Smart;Sh162;;;2788.0;;;;;;180.0;;8 kW;450.0;широкая хромированная 
SMART  1V h;;;Серия Smart;Sh225;;;2788.0;;;;;;180.0;;8 kW;450.0;шлифованная, полированная  стальная 
SMART  1V h;;;Серия Smart;Sh153;;;2345.0;;;;;;180.0;;8 kW;510.0;черная 
SMART  1V h;;;Серия Smart;Sh120;;;2415.0;;;;;;180.0;;8 kW;510.0;латунная 
SMART  1V h;;;Серия Smart;Sh584;;;2470.0;;;;;;180.0;;8 kW;510.0;узкая золотая  
SMART  1V h;;;Серия Smart;Sh427;;;2940.0;;;;;;180.0;;8 kW;510.0;широкая золотая  
SMART  1V h;;;Серия Smart;Sh752;;;2470.0;;;;;;180.0;;8 kW;510.0;узкая хромированная 
SMART  1V h;;;Серия Smart;Sh467;;;2940.0;;;;;;180.0;;8 kW;510.0;широкая хромированная 
SMART  1V h;;;Серия Smart;Sh792;;;2940.0;;;;;;180.0;;8 kW;510.0;шлифованная, полированная  стальная 
SMART  1V h;;;Серия Smart;Sh259;;;2498.0;;;;;;180.0;;8 kW;570.0;черная 
SMART  1V h;;;Серия Smart;Sh735;;;2575.0;;;;;;180.0;;8 kW;570.0;латунная 
SMART  1V h;;;Серия Smart;Sh565;;;2625.0;;;;;;180.0;;8 kW;570.0;узкая золотая  
SMART  1V h;;;Серия Smart;Sh805;;;3098.0;;;;;;180.0;;8 kW;570.0;широкая золотая  
SMART  1V h;;;Серия Smart;Sh299;;;2625.0;;;;;;180.0;;8 kW;570.0;узкая хромированная 
SMART  1V h;;;Серия Smart;Sh827;;;3098.0;;;;;;180.0;;8 kW;570.0;широкая хромированная 
SMART  1V h;;;Серия Smart;Sh696;;;3098.0;;;;;;180.0;;8 kW;570.0;шлифованная, полированная  стальная 
SMART  1VR   ;;;Серия Smart;Sh193;;;1388.0;;;;;;160.0;;8 kW;450.0;черная 
SMART  1VR   ;;;Серия Smart;Sh353;;;2575.0;;;;;;160.0;;8 kW;450.0;латунная 
SMART  1VR   ;;;Серия Smart;Sh581;;;2625.0;;;;;;160.0;;8 kW;450.0;узкая золотая  
SMART  1VR   ;;;Серия Smart;Sh332;;;1985.0;;;;;;160.0;;8 kW;450.0;широкая золотая  
SMART  1VR   ;;;Серия Smart;S 496;;;2625.0;;;;;;160.0;;8 kW;450.0;узкая хромированная 
SMART  1VR   ;;;Серия Smart;S 628;;;1985.0;;;;;;160.0;;8 kW;450.0;широкая хромированная 
SMART  1VR   ;;;Серия Smart;S 989;;;1985.0;;;;;;160.0;;8 kW;450.0;шлифованная, полированная  стальная 
SMART  1VR   ;;;Серия Smart;S 564;;;1560.0;;;;;;160.0;;8 kW;510.0;черная 
SMART  1VR   ;;;Серия Smart;S 525;;;2575.0;;;;;;160.0;;8 kW;510.0;латунная 
SMART  1VR   ;;;Серия Smart;S 666;;;2625.0;;;;;;160.0;;8 kW;510.0;узкая золотая  
SMART  1VR   ;;;Серия Smart;S 143;;;2158.0;;;;;;160.0;;8 kW;510.0;широкая золотая  
SMART  1VR   ;;;Серия Smart;S 929;;;2625.0;;;;;;160.0;;8 kW;510.0;узкая хромированная 
SMART  1VR   ;;;Серия Smart;S 956;;;2158.0;;;;;;160.0;;8 kW;510.0;широкая хромированная 
SMART  1VR   ;;;Серия Smart;S 790;;;2158.0;;;;;;160.0;;8 kW;510.0;шлифованная, полированная  стальная 
SMART  1VR   ;;;Серия Smart;S 717;;;1727.0;;;;;;160.0;;8 kW;570.0;черная 
SMART  1VR   ;;;Серия Smart;S 329;;;2575.0;;;;;;160.0;;8 kW;570.0;латунная 
SMART  1VR   ;;;Серия Smart;S 420;;;2625.0;;;;;;160.0;;8 kW;570.0;узкая золотая  
SMART  1VR   ;;;Серия Smart;S 778;;;2327.0;;;;;;160.0;;8 kW;570.0;широкая золотая  
SMART  1VR   ;;;Серия Smart;S 814;;;2625.0;;;;;;160.0;;8 kW;570.0;узкая хромированная 
SMART  1VR   ;;;Серия Smart;S 519;;;2327.0;;;;;;160.0;;8 kW;570.0;широкая хромированная 
SMART  1VR   ;;;Серия Smart;S 510;;;2327.0;;;;;;160.0;;8 kW;570.0;шлифованная, полированная  стальная 
SMART  1VRh    ;;;Серия Smart;S 893;;;2369.0;;;;;;180.0;;8 kW;450.0;черная 
SMART  1VRh    ;;;Серия Smart;S 165;;;2575.0;;;;;;180.0;;8 kW;450.0;латунная 
SMART  1VRh    ;;;Серия Smart;S 433;;;2625.0;;;;;;180.0;;8 kW;450.0;узкая золотая  
SMART  1VRh    ;;;Серия Smart;S 904;;;2970.0;;;;;;180.0;;8 kW;450.0;широкая золотая  
SMART  1VRh    ;;;Серия Smart;S 626;;;2625.0;;;;;;180.0;;8 kW;450.0;узкая хромированная 
SMART  1VRh    ;;;Серия Smart;S 489;;;2970.0;;;;;;180.0;;8 kW;450.0;широкая хромированная 
SMART  1VRh    ;;;Серия Smart;S 202;;;2970.0;;;;;;180.0;;8 kW;450.0;шлифованная, полированная  стальная 
SMART  1VRh    ;;;Серия Smart;S 871;;;2540.0;;;;;;180.0;;8 kW;510.0;черная 
SMART  1VRh    ;;;Серия Smart;S 612;;;2575.0;;;;;;180.0;;8 kW;510.0;латунная 
SMART  1VRh    ;;;Серия Smart;S 689;;;2625.0;;;;;;180.0;;8 kW;510.0;узкая золотая  
SMART  1VRh    ;;;Серия Smart;S 175;;;3140.0;;;;;;180.0;;8 kW;510.0;широкая золотая  
SMART  1VRh    ;;;Серия Smart;S 972;;;2625.0;;;;;;180.0;;8 kW;510.0;узкая хромированная 
SMART  1VRh    ;;;Серия Smart;S 145;;;3140.0;;;;;;180.0;;8 kW;510.0;широкая хромированная 
SMART  1VRh    ;;;Серия Smart;S 414;;;3140.0;;;;;;180.0;;8 kW;510.0;шлифованная, полированная  стальная 
SMART  1VRh    ;;;Серия Smart;S 568;;;2715.0;;;;;;180.0;;8 kW;570.0;черная 
SMART  1VRh    ;;;Серия Smart;S 606;;;2575.0;;;;;;180.0;;8 kW;570.0;латунная 
SMART  1VRh    ;;;Серия Smart;S 780;;;2625.0;;;;;;180.0;;8 kW;570.0;узкая золотая  
SMART  1VRh    ;;;Серия Smart;S 683;;;3320.0;;;;;;180.0;;8 kW;570.0;широкая золотая  
SMART  1VRh    ;;;Серия Smart;S 607;;;2625.0;;;;;;180.0;;8 kW;570.0;узкая хромированная 
SMART  1VRh    ;;;Серия Smart;S 900;;;3320.0;;;;;;180.0;;8 kW;570.0;широкая хромированная 
SMART  1VRh    ;;;Серия Smart;S 113;;;3320.0;;;;;;180.0;;8 kW;570.0;шлифованная, полированная  стальная 
SMART  2L/2P;;;Серия Smart;S 365;;;1650.0;;;;;;150.0;;8 kW;450.0;черная 
SMART  2L/2P;;;Серия Smart;S 352;;;1725.0;;;;;;150.0;;8 kW;450.0;латунная 
SMART  2L/2P;;;Серия Smart;S 686;;;1775.0;;;;;;150.0;;8 kW;450.0;узкая золотая  
SMART  2L/2P;;;Серия Smart;S 588;;;2250.0;;;;;;150.0;;8 kW;450.0;широкая золотая  
SMART  2L/2P;;;Серия Smart;S 648;;;1775.0;;;;;;150.0;;8 kW;450.0;узкая хромированная 
SMART  2L/2P;;;Серия Smart;S 870;;;2250.0;;;;;;150.0;;8 kW;450.0;широкая хромированная 
SMART  2L/2P;;;Серия Smart;S 711;;;2250.0;;;;;;150.0;;8 kW;450.0;шлифованная, полированная  стальная 
SMART  2L/2P;;;Серия Smart;S 397;;;1810.0;;;;;;150.0;;8 kW;510.0;черная 
SMART  2L/2P;;;Серия Smart;SP539;;;1890.0;;;;;;150.0;;8 kW;510.0;латунная 
SMART  2L/2P;;;Серия Smart;SP695;;;1940.0;;;;;;150.0;;8 kW;510.0;узкая золотая  
SMART  2L/2P;;;Серия Smart;SP706;;;2420.0;;;;;;150.0;;8 kW;510.0;широкая золотая  
SMART  2L/2P;;;Серия Smart;SP820;;;1940.0;;;;;;150.0;;8 kW;510.0;узкая хромированная 
SMART  2L/2P;;;Серия Smart;SP311;;;2420.0;;;;;;150.0;;8 kW;510.0;широкая хромированная 
SMART  2L/2P;;;Серия Smart;SP624;;;2420.0;;;;;;150.0;;8 kW;510.0;шлифованная, полированная  стальная 
SMART  2L/2P;;;Серия Smart;SP364;;;1950.0;;;;;;150.0;;8 kW;570.0;черная 
SMART  2L/2P;;;Серия Smart;SP989;;;2025.0;;;;;;150.0;;8 kW;570.0;латунная 
SMART  2L/2P;;;Серия Smart;SP268;;;2075.0;;;;;;150.0;;8 kW;570.0;узкая золотая  
SMART  2L/2P;;;Серия Smart;SP926;;;2550.0;;;;;;150.0;;8 kW;570.0;широкая золотая  
SMART  2L/2P;;;Серия Smart;SP236;;;2075.0;;;;;;150.0;;8 kW;570.0;узкая хромированная 
SMART  2L/2P;;;Серия Smart;SP811;;;2550.0;;;;;;150.0;;8 kW;570.0;широкая хромированная 
SMART  2L/2P;;;Серия Smart;SP588;;;2550.0;;;;;;150.0;;8 kW;570.0;шлифованная, полированная  стальная 
SMART  2L h/2P h;;;Серия Smart;Sh189;;;2575.0;;;;;;170.0;;8 kW;450.0;черная 
SMART  2L h/2P h;;;Серия Smart;Sh250;;;2650.0;;;;;;170.0;;8 kW;450.0;латунная 
SMART  2L h/2P h;;;Серия Smart;Sh743;;;2710.0;;;;;;170.0;;8 kW;450.0;узкая золотая  
SMART  2L h/2P h;;;Серия Smart;Sh756;;;3175.0;;;;;;170.0;;8 kW;450.0;широкая золотая  
SMART  2L h/2P h;;;Серия Smart;Sh691;;;2710.0;;;;;;170.0;;8 kW;450.0;узкая хромированная 
SMART  2L h/2P h;;;Серия Smart;Sh119;;;3175.0;;;;;;170.0;;8 kW;450.0;широкая хромированная 
SMART  2L h/2P h;;;Серия Smart;Sh962;;;3175.0;;;;;;170.0;;8 kW;450.0;шлифованная, полированная  стальная 
SMART  2L h/2P h;;;Серия Smart;Sh318;;;2730.0;;;;;;170.0;;8 kW;510.0;черная 
SMART  2L h/2P h;;;Серия Smart;Sh391;;;2805.0;;;;;;170.0;;8 kW;510.0;латунная 
SMART  2L h/2P h;;;Серия Smart;Sh359;;;2855.0;;;;;;170.0;;8 kW;510.0;узкая золотая  
SMART  2L h/2P h;;;Серия Smart;Sh145;;;3330.0;;;;;;170.0;;8 kW;510.0;широкая золотая  
SMART  2L h/2P h;;;Серия Smart;Sh888;;;2855.0;;;;;;170.0;;8 kW;510.0;узкая хромированная 
SMART  2L h/2P h;;;Серия Smart;Sh559;;;3330.0;;;;;;170.0;;8 kW;510.0;широкая хромированная 
SMART  2L h/2P h;;;Серия Smart;Sh885;;;3330.0;;;;;;170.0;;8 kW;510.0;шлифованная, полированная  стальная 
SMART  2L h/2P h;;;Серия Smart;Sh740;;;2880.0;;;;;;170.0;;8 kW;570.0;черная 
SMART  2L h/2P h;;;Серия Smart;Sh853;;;2955.0;;;;;;170.0;;8 kW;570.0;латунная 
SMART  2L h/2P h;;;Серия Smart;Sh905;;;3005.0;;;;;;170.0;;8 kW;570.0;узкая золотая  
SMART  2L h/2P h;;;Серия Smart;Sh693;;;3480.0;;;;;;170.0;;8 kW;570.0;широкая золотая  
SMART  2L h/2P h;;;Серия Smart;Sh116;;;3005.0;;;;;;170.0;;8 kW;570.0;узкая хромированная 
SMART  2L h/2P h;;;Серия Smart;Sh409;;;3480.0;;;;;;170.0;;8 kW;570.0;широкая хромированная 
SMART  2L h/2P h;;;Серия Smart;Sh706;;;3480.0;;;;;;170.0;;8 kW;570.0;шлифованная, полированная  стальная 
PRISMA M;;;Серия Prisma;Sh126;;;1630.0;;;;;;170.0;;8 kW;450.0;черная 
PRISMA M;;;Серия Prisma;Sh660;;;1700.0;;;;;;170.0;;8 kW;450.0;латунная 
PRISMA M;;;Серия Prisma;Sh579;;;1750.0;;;;;;170.0;;8 kW;450.0;узкая золотая  
PRISMA M;;;Серия Prisma;Sh104;;;2230.0;;;;;;170.0;;8 kW;450.0;широкая золотая  
PRISMA M;;;Серия Prisma;Sh167;;;1750.0;;;;;;170.0;;8 kW;450.0;узкая хромированная 
PRISMA M;;;Серия Prisma;Sh749;;;2230.0;;;;;;170.0;;8 kW;450.0;широкая хромированная 
PRISMA M;;;Серия Prisma;Sh154;;;2230.0;;;;;;170.0;;8 kW;450.0;шлифованная, полированная  стальная 
PRISMA M;;;Серия Prisma;Sh538;;;1805.0;;;;;;170.0;;8 kW;510.0;черная 
PRISMA M;;;Серия Prisma;Sh380;;;1880.0;;;;;;170.0;;8 kW;510.0;латунная 
PRISMA M;;;Серия Prisma;Sh304;;;1930.0;;;;;;170.0;;8 kW;510.0;узкая золотая  
PRISMA M;;;Серия Prisma;Sh663;;;2405.0;;;;;;170.0;;8 kW;510.0;широкая золотая  
PRISMA M;;;Серия Prisma;Sh146;;;1930.0;;;;;;170.0;;8 kW;510.0;узкая хромированная 
PRISMA M;;;Серия Prisma;PM607;;;2405.0;;;;;;170.0;;8 kW;510.0;широкая хромированная 
PRISMA M;;;Серия Prisma;PM617;;;2405.0;;;;;;170.0;;8 kW;510.0;шлифованная, полированная  стальная 
PRISMA M;;;Серия Prisma;PM432;;;1985.0;;;;;;170.0;;8 kW;570.0;черная 
PRISMA M;;;Серия Prisma;PM322;;;2060.0;;;;;;170.0;;8 kW;570.0;латунная 
PRISMA M;;;Серия Prisma;PM607;;;2110.0;;;;;;170.0;;8 kW;570.0;узкая золотая  
PRISMA M;;;Серия Prisma;PM514;;;2585.0;;;;;;170.0;;8 kW;570.0;широкая золотая  
PRISMA M;;;Серия Prisma;PM697;;;2110.0;;;;;;170.0;;8 kW;570.0;узкая хромированная 
PRISMA M;;;Серия Prisma;PM182;;;2585.0;;;;;;170.0;;8 kW;570.0;широкая хромированная 
PRISMA M;;;Серия Prisma;PM995;;;2585.0;;;;;;170.0;;8 kW;570.0;шлифованная, полированная  стальная 
PRISMA M one part glass;;;Серия Prisma;Ps137;;;1812.0;;;;;;170.0;;8 kW;450.0;черная 
PRISMA M one part glass;;;Серия Prisma;Ps743;;;1885.0;;;;;;170.0;;8 kW;450.0;латунная 
PRISMA M one part glass;;;Серия Prisma;Ps683;;;1936.0;;;;;;170.0;;8 kW;450.0;узкая золотая  
PRISMA M one part glass;;;Серия Prisma;Ps696;;;2412.0;;;;;;170.0;;8 kW;450.0;широкая золотая  
PRISMA M one part glass;;;Серия Prisma;Ps604;;;1936.0;;;;;;170.0;;8 kW;450.0;узкая хромированная 
PRISMA M one part glass;;;Серия Prisma;Ps718;;;2412.0;;;;;;170.0;;8 kW;450.0;широкая хромированная 
PRISMA M one part glass;;;Серия Prisma;Ps362;;;2412.0;;;;;;170.0;;8 kW;450.0;шлифованная, полированная  стальная 
PRISMA M one part glass;;;Серия Prisma;Ps814;;;1986.0;;;;;;170.0;;8 kW;510.0;черная 
PRISMA M one part glass;;;Серия Prisma;Ps989;;;2060.0;;;;;;170.0;;8 kW;510.0;латунная 
PRISMA M one part glass;;;Серия Prisma;Ps733;;;2110.0;;;;;;170.0;;8 kW;510.0;узкая золотая  
PRISMA M one part glass;;;Серия Prisma;Ps893;;;2586.0;;;;;;170.0;;8 kW;510.0;широкая золотая  
PRISMA M one part glass;;;Серия Prisma;Ps557;;;2110.0;;;;;;170.0;;8 kW;510.0;узкая хромированная 
PRISMA M one part glass;;;Серия Prisma;Ps964;;;2586.0;;;;;;170.0;;8 kW;510.0;широкая хромированная 
PRISMA M one part glass;;;Серия Prisma;Ps572;;;2586.0;;;;;;170.0;;8 kW;510.0;шлифованная, полированная  стальная 
PRISMA M one part glass;;;Серия Prisma;Ps900;;;2226.0;;;;;;170.0;;8 kW;570.0;черная 
PRISMA M one part glass;;;Серия Prisma;Ps156;;;2300.0;;;;;;170.0;;8 kW;570.0;латунная 
PRISMA M one part glass;;;Серия Prisma;Ps215;;;2352.0;;;;;;170.0;;8 kW;570.0;узкая золотая  
PRISMA M one part glass;;;Серия Prisma;Ps915;;;2825.0;;;;;;170.0;;8 kW;570.0;широкая золотая  
PRISMA M one part glass;;;Серия Prisma;Ps631;;;2352.0;;;;;;170.0;;8 kW;570.0;узкая хромированная 
PRISMA M one part glass;;;Серия Prisma;Ps864;;;2825.0;;;;;;170.0;;8 kW;570.0;широкая хромированная 
PRISMA M one part glass;;;Серия Prisma;Ps661;;;2825.0;;;;;;170.0;;8 kW;570.0;шлифованная, полированная  стальная 
PRISMA M h;;;Серия Prisma;Ps846;;;2580.0;;;;;;185.0;;8 kW;450.0;черная 
PRISMA M h;;;Серия Prisma;Ps945;;;2655.0;;;;;;185.0;;8 kW;450.0;латунная 
PRISMA M h;;;Серия Prisma;Ps362;;;2706.0;;;;;;185.0;;8 kW;450.0;узкая золотая  
PRISMA M h;;;Серия Prisma;Ps232;;;3180.0;;;;;;185.0;;8 kW;450.0;широкая золотая  
PRISMA M h;;;Серия Prisma;Ps481;;;2706.0;;;;;;185.0;;8 kW;450.0;узкая хромированная 
PRISMA M h;;;Серия Prisma;Ps637;;;3180.0;;;;;;185.0;;8 kW;450.0;широкая хромированная 
PRISMA M h;;;Серия Prisma;Ps451;;;3180.0;;;;;;185.0;;8 kW;450.0;шлифованная, полированная  стальная 
PRISMA M h;;;Серия Prisma;Ps761;;;2760.0;;;;;;185.0;;8 kW;510.0;черная 
PRISMA M h;;;Серия Prisma;Ps371;;;2840.0;;;;;;185.0;;8 kW;510.0;латунная 
PRISMA M h;;;Серия Prisma;Ps617;;;2886.0;;;;;;185.0;;8 kW;510.0;узкая золотая  
PRISMA M h;;;Серия Prisma;Ps209;;;3365.0;;;;;;185.0;;8 kW;510.0;широкая золотая  
PRISMA M h;;;Серия Prisma;Ps475;;;2886.0;;;;;;185.0;;8 kW;510.0;узкая хромированная 
PRISMA M h;;;Серия Prisma;Ps271;;;3365.0;;;;;;185.0;;8 kW;510.0;широкая хромированная 
PRISMA M h;;;Серия Prisma;Ps359;;;3365.0;;;;;;185.0;;8 kW;510.0;шлифованная, полированная  стальная 
PRISMA M h;;;Серия Prisma;Ps595;;;2940.0;;;;;;185.0;;8 kW;570.0;черная 
PRISMA M h;;;Серия Prisma;Ps715;;;3015.0;;;;;;185.0;;8 kW;570.0;латунная 
PRISMA M h;;;Серия Prisma;Ph674;;;3065.0;;;;;;185.0;;8 kW;570.0;узкая золотая  
PRISMA M h;;;Серия Prisma;Ph360;;;3540.0;;;;;;185.0;;8 kW;570.0;широкая золотая  
PRISMA M h;;;Серия Prisma;Ph972;;;3065.0;;;;;;185.0;;8 kW;570.0;узкая хромированная 
PRISMA M h;;;Серия Prisma;Ph684;;;3540.0;;;;;;185.0;;8 kW;570.0;широкая хромированная 
PRISMA M h;;;Серия Prisma;Ph608;;;3540.0;;;;;;185.0;;8 kW;570.0;шлифованная, полированная  стальная 
PRISMA M h one part glass;;;Серия Prisma;Ps835;;;2810.0;;;;;;185.0;;8 kW;450.0;черная 
PRISMA M h one part glass;;;Серия Prisma;Ps563;;;2885.0;;;;;;185.0;;8 kW;450.0;латунная 
PRISMA M h one part glass;;;Серия Prisma;Ps917;;;2935.0;;;;;;185.0;;8 kW;450.0;узкая золотая  
PRISMA M h one part glass;;;Серия Prisma;Ps179;;;3410.0;;;;;;185.0;;8 kW;450.0;широкая золотая  
PRISMA M h one part glass;;;Серия Prisma;Ps567;;;2935.0;;;;;;185.0;;8 kW;450.0;узкая хромированная 
PRISMA M h one part glass;;;Серия Prisma;Ps844;;;3410.0;;;;;;185.0;;8 kW;450.0;широкая хромированная 
PRISMA M h one part glass;;;Серия Prisma;Ps852;;;3410.0;;;;;;185.0;;8 kW;450.0;шлифованная, полированная  стальная 
PRISMA M h one part glass;;;Серия Prisma;Ps888;;;2849.0;;;;;;185.0;;8 kW;510.0;черная 
PRISMA M h one part glass;;;Серия Prisma;Ps362;;;2925.0;;;;;;185.0;;8 kW;510.0;латунная 
PRISMA M h one part glass;;;Серия Prisma;Ps570;;;2978.0;;;;;;185.0;;8 kW;510.0;узкая золотая  
PRISMA M h one part glass;;;Серия Prisma;Ps294;;;3450.0;;;;;;185.0;;8 kW;510.0;широкая золотая  
PRISMA M h one part glass;;;Серия Prisma;Ps228;;;2978.0;;;;;;185.0;;8 kW;510.0;узкая хромированная 
PRISMA M h one part glass;;;Серия Prisma;Ps330;;;3450.0;;;;;;185.0;;8 kW;510.0;широкая хромированная 
PRISMA M h one part glass;;;Серия Prisma;Ps593;;;3450.0;;;;;;185.0;;8 kW;510.0;шлифованная, полированная  стальная 
PRISMA M h one part glass;;;Серия Prisma;Ps536;;;3040.0;;;;;;185.0;;8 kW;570.0;черная 
PRISMA M h one part glass;;;Серия Prisma;Ps765;;;3116.0;;;;;;185.0;;8 kW;570.0;латунная 
PRISMA M h one part glass;;;Серия Prisma;Ps982;;;3170.0;;;;;;185.0;;8 kW;570.0;узкая золотая  
PRISMA M h one part glass;;;Серия Prisma;Ps498;;;3650.0;;;;;;185.0;;8 kW;570.0;широкая золотая  
PRISMA M h one part glass;;;Серия Prisma;Ps516;;;3170.0;;;;;;185.0;;8 kW;570.0;узкая хромированная 
PRISMA M h one part glass;;;Серия Prisma;Ps858;;;3650.0;;;;;;185.0;;8 kW;570.0;широкая хромированная 
PRISMA M h one part glass;;;Серия Prisma;Ps668;;;3650.0;;;;;;185.0;;8 kW;570.0;шлифованная, полированная  стальная 
PRISMA MR;;;Серия Prisma;Ps711;;;1800.0;;;;;;170.0;;8 kW;450.0;черная 
PRISMA MR;;;Серия Prisma;Ps999;;;1875.0;;;;;;170.0;;8 kW;450.0;латунная 
PRISMA MR;;;Серия Prisma;Ps719;;;1925.0;;;;;;170.0;;8 kW;450.0;узкая золотая  
PRISMA MR;;;Серия Prisma;Ps790;;;2405.0;;;;;;170.0;;8 kW;450.0;широкая золотая  
PRISMA MR;;;Серия Prisma;Ps915;;;1925.0;;;;;;170.0;;8 kW;450.0;узкая хромированная 
PRISMA MR;;;Серия Prisma;Ps958;;;2405.0;;;;;;170.0;;8 kW;450.0;широкая хромированная 
PRISMA MR;;;Серия Prisma;Ps824;;;2405.0;;;;;;170.0;;8 kW;450.0;шлифованная, полированная  стальная 
PRISMA MR;;;Серия Prisma;Ps291;;;2110.0;;;;;;170.0;;8 kW;510.0;черная 
PRISMA MR;;;Серия Prisma;Ps523;;;2185.0;;;;;;170.0;;8 kW;510.0;латунная 
PRISMA MR;;;Серия Prisma;Ps332;;;2240.0;;;;;;170.0;;8 kW;510.0;узкая золотая  
PRISMA MR;;;Серия Prisma;Ps730;;;2715.0;;;;;;170.0;;8 kW;510.0;широкая золотая  
PRISMA MR;;;Серия Prisma;Ps242;;;2240.0;;;;;;170.0;;8 kW;510.0;узкая хромированная 
PRISMA MR;;;Серия Prisma;Ps388;;;2715.0;;;;;;170.0;;8 kW;510.0;широкая хромированная 
PRISMA MR;;;Серия Prisma;Ps406;;;2715.0;;;;;;170.0;;8 kW;510.0;шлифованная, полированная  стальная 
PRISMA MR;;;Серия Prisma;Ps481;;;2240.0;;;;;;170.0;;8 kW;570.0;черная 
PRISMA MR;;;Серия Prisma;Ps600;;;2315.0;;;;;;170.0;;8 kW;570.0;латунная 
PRISMA MR;;;Серия Prisma;Ps971;;;2367.0;;;;;;170.0;;8 kW;570.0;узкая золотая  
PRISMA MR;;;Серия Prisma;Ps378;;;2840.0;;;;;;170.0;;8 kW;570.0;широкая золотая  
PRISMA MR;;;Серия Prisma;Ps631;;;2367.0;;;;;;170.0;;8 kW;570.0;узкая хромированная 
PRISMA MR;;;Серия Prisma;Ps641;;;2840.0;;;;;;170.0;;8 kW;570.0;широкая хромированная 
PRISMA MR;;;Серия Prisma;PR742;;;2840.0;;;;;;170.0;;8 kW;570.0;шлифованная, полированная  стальная 
PRISMA MRh;;;Серия Prisma;Ph732;;;2730.0;;;;;;185.0;;8 kW;450.0;черная 
PRISMA MRh;;;Серия Prisma;Ph466;;;2805.0;;;;;;185.0;;8 kW;450.0;латунная 
PRISMA MRh;;;Серия Prisma;Ph632;;;2856.0;;;;;;185.0;;8 kW;450.0;узкая золотая  
PRISMA MRh;;;Серия Prisma;Ph829;;;3330.0;;;;;;185.0;;8 kW;450.0;широкая золотая  
PRISMA MRh;;;Серия Prisma;Ph577;;;2856.0;;;;;;185.0;;8 kW;450.0;узкая хромированная 
PRISMA MRh;;;Серия Prisma;Ph966;;;3330.0;;;;;;185.0;;8 kW;450.0;широкая хромированная 
PRISMA MRh;;;Серия Prisma;Ph659;;;3330.0;;;;;;185.0;;8 kW;450.0;шлифованная, полированная  стальная 
PRISMA MRh;;;Серия Prisma;Ph804;;;2910.0;;;;;;185.0;;8 kW;510.0;черная 
PRISMA MRh;;;Серия Prisma;Ph797;;;2985.0;;;;;;185.0;;8 kW;510.0;латунная 
PRISMA MRh;;;Серия Prisma;Ph106;;;3031.0;;;;;;185.0;;8 kW;510.0;узкая золотая  
PRISMA MRh;;;Серия Prisma;Ph944;;;3506.0;;;;;;185.0;;8 kW;510.0;широкая золотая  
PRISMA MRh;;;Серия Prisma;Ph977;;;3031.0;;;;;;185.0;;8 kW;510.0;узкая хромированная 
PRISMA MRh;;;Серия Prisma;Ph769;;;3506.0;;;;;;185.0;;8 kW;510.0;широкая хромированная 
PRISMA MRh;;;Серия Prisma;Ph688;;;3506.0;;;;;;185.0;;8 kW;510.0;шлифованная, полированная  стальная 
PRISMA MRh;;;Серия Prisma;Ph857;;;3090.0;;;;;;185.0;;8 kW;570.0;черная 
PRISMA MRh;;;Серия Prisma;Ph288;;;3161.0;;;;;;185.0;;8 kW;570.0;латунная 
PRISMA MRh;;;Серия Prisma;Ph306;;;3211.0;;;;;;185.0;;8 kW;570.0;узкая золотая  
PRISMA MRh;;;Серия Prisma;Ph424;;;3685.0;;;;;;185.0;;8 kW;570.0;широкая золотая  
PRISMA MRh;;;Серия Prisma;Ph499;;;3211.0;;;;;;185.0;;8 kW;570.0;узкая хромированная 
PRISMA MRh;;;Серия Prisma;Ph130;;;3685.0;;;;;;185.0;;8 kW;570.0;широкая хромированная 
PRISMA MRh;;;Серия Prisma;Ph906;;;3685.0;;;;;;185.0;;8 kW;570.0;шлифованная, полированная  стальная 
PRISMA MDRh;;;Серия Prisma;Ph754;;;4086.0;;;;;;200.0;;8 kW;570.0;черная 
PRISMA MDRh;;;Серия Prisma;Ph362;;;4150.0;;;;;;200.0;;8 kW;570.0;латунная 
PRISMA MDRh;;;Серия Prisma;Ph217;;;4215.0;;;;;;200.0;;8 kW;570.0;узкая золотая  
PRISMA MDRh;;;Серия Prisma;Ph246;;;4685.0;;;;;;200.0;;8 kW;570.0;широкая золотая  
PRISMA MDRh;;;Серия Prisma;Ph580;;;4215.0;;;;;;200.0;;8 kW;570.0;узкая хромированная 
PRISMA MDRh;;;Серия Prisma;Ph837;;;4685.0;;;;;;200.0;;8 kW;570.0;широкая хромированная 
PRISMA MDRh;;;Серия Prisma;Ph779;;;4685.0;;;;;;200.0;;8 kW;570.0;шлифованная, полированная  стальная 
PRISMA 1V;;;Серия Prisma;Ph688;;;1840.0;;;;;;190.0;;11 kW;450.0;черная 
PRISMA 1V;;;Серия Prisma;Ph427;;;1915.0;;;;;;190.0;;11 kW;450.0;латунная 
PRISMA 1V;;;Серия Prisma;Ph868;;;1962.0;;;;;;190.0;;11 kW;450.0;узкая золотая  
PRISMA 1V;;;Серия Prisma;Ph530;;;2440.0;;;;;;190.0;;11 kW;450.0;широкая золотая  
PRISMA 1V;;;Серия Prisma;Ph490;;;1962.0;;;;;;190.0;;11 kW;450.0;узкая хромированная 
PRISMA 1V;;;Серия Prisma;Ph439;;;2440.0;;;;;;190.0;;11 kW;450.0;широкая хромированная 
PRISMA 1V;;;Серия Prisma;Ph990;;;2440.0;;;;;;190.0;;11 kW;450.0;шлифованная, полированная  стальная 
PRISMA 1V;;;Серия Prisma;Ph417;;;2016.0;;;;;;190.0;;11 kW;510.0;черная 
PRISMA 1V;;;Серия Prisma;Ph824;;;2090.0;;;;;;190.0;;11 kW;510.0;латунная 
PRISMA 1V;;;Серия Prisma;Ph854;;;2140.0;;;;;;190.0;;11 kW;510.0;узкая золотая  
PRISMA 1V;;;Серия Prisma;Ph631;;;2615.0;;;;;;190.0;;11 kW;510.0;широкая золотая  
PRISMA 1V;;;Серия Prisma;Ph852;;;2140.0;;;;;;190.0;;11 kW;510.0;узкая хромированная 
PRISMA 1V;;;Серия Prisma;Ph259;;;2615.0;;;;;;190.0;;11 kW;510.0;широкая хромированная 
PRISMA 1V;;;Серия Prisma;Ph135;;;2615.0;;;;;;190.0;;11 kW;510.0;шлифованная, полированная  стальная 
PRISMA 1V;;;Серия Prisma;Ph211;;;2150.0;;;;;;190.0;;11 kW;570.0;черная 
PRISMA 1V;;;Серия Prisma;Ph796;;;2221.0;;;;;;190.0;;11 kW;570.0;латунная 
PRISMA 1V;;;Серия Prisma;Ph658;;;2272.0;;;;;;190.0;;11 kW;570.0;узкая золотая  
PRISMA 1V;;;Серия Prisma;PV495;;;2750.0;;;;;;190.0;;11 kW;570.0;широкая золотая  
PRISMA 1V;;;Серия Prisma;PV221;;;2272.0;;;;;;190.0;;11 kW;570.0;узкая хромированная 
PRISMA 1V;;;Серия Prisma;PV779;;;2750.0;;;;;;190.0;;11 kW;570.0;широкая хромированная 
PRISMA 1V;;;Серия Prisma;PV202;;;2750.0;;;;;;190.0;;11 kW;570.0;шлифованная, полированная  стальная 
PRISMA 1V h ;;;Серия Prisma;P 292;;;2652.0;;;;;;210.0;;11 kW;450.0;черная 
PRISMA 1V h ;;;Серия Prisma;P 478;;;2730.0;;;;;;210.0;;11 kW;450.0;латунная 
PRISMA 1V h ;;;Серия Prisma;P 641;;;2780.0;;;;;;210.0;;11 kW;450.0;узкая золотая  
PRISMA 1V h ;;;Серия Prisma;P 380;;;3251.0;;;;;;210.0;;11 kW;450.0;широкая золотая  
PRISMA 1V h ;;;Серия Prisma;P 321;;;2780.0;;;;;;210.0;;11 kW;450.0;узкая хромированная 
PRISMA 1V h ;;;Серия Prisma;P 296;;;3251.0;;;;;;210.0;;11 kW;450.0;широкая хромированная 
PRISMA 1V h ;;;Серия Prisma;P 898;;;3251.0;;;;;;210.0;;11 kW;450.0;шлифованная, полированная  стальная 
PRISMA 1V h ;;;Серия Prisma;P 310;;;2760.0;;;;;;210.0;;11 kW;510.0;черная 
PRISMA 1V h ;;;Серия Prisma;P 139;;;2840.0;;;;;;210.0;;11 kW;510.0;латунная 
PRISMA 1V h ;;;Серия Prisma;P 181;;;2886.0;;;;;;210.0;;11 kW;510.0;узкая золотая  
PRISMA 1V h ;;;Серия Prisma;P 803;;;3361.0;;;;;;210.0;;11 kW;510.0;широкая золотая  
PRISMA 1V h ;;;Серия Prisma;P 993;;;2886.0;;;;;;210.0;;11 kW;510.0;узкая хромированная 
PRISMA 1V h ;;;Серия Prisma;P 874;;;3361.0;;;;;;210.0;;11 kW;510.0;широкая хромированная 
PRISMA 1V h ;;;Серия Prisma;P 777;;;3361.0;;;;;;210.0;;11 kW;510.0;шлифованная, полированная  стальная 
PRISMA 1V h ;;;Серия Prisma;P 688;;;2890.0;;;;;;210.0;;11 kW;570.0;черная 
PRISMA 1V h ;;;Серия Prisma;P 748;;;2960.0;;;;;;210.0;;11 kW;570.0;латунная 
PRISMA 1V h ;;;Серия Prisma;P 388;;;3010.0;;;;;;210.0;;11 kW;570.0;узкая золотая  
PRISMA 1V h ;;;Серия Prisma;P 538;;;3482.0;;;;;;210.0;;11 kW;570.0;широкая золотая  
PRISMA 1V h ;;;Серия Prisma;P 247;;;3010.0;;;;;;210.0;;11 kW;570.0;узкая хромированная 
PRISMA 1V h ;;;Серия Prisma;P 581;;;3482.0;;;;;;210.0;;11 kW;570.0;широкая хромированная 
PRISMA 1V h ;;;Серия Prisma;P 944;;;3482.0;;;;;;210.0;;11 kW;570.0;шлифованная, полированная  стальная 
PRISMA 1V M;;;Серия Prisma;P 786;;;1590.0;;;;;;170.0;;10 kW;450.0;черная 
PRISMA 1V M;;;Серия Prisma;P 695;;;1665.0;;;;;;170.0;;10 kW;450.0;латунная 
PRISMA 1V M;;;Серия Prisma;P 346;;;1715.0;;;;;;170.0;;10 kW;450.0;узкая золотая  
PRISMA 1V M;;;Серия Prisma;P 697;;;2190.0;;;;;;170.0;;10 kW;450.0;широкая золотая  
PRISMA 1V M;;;Серия Prisma;P 902;;;1715.0;;;;;;170.0;;10 kW;450.0;узкая хромированная 
PRISMA 1V M;;;Серия Prisma;P 130;;;2190.0;;;;;;170.0;;10 kW;450.0;широкая хромированная 
PRISMA 1V M;;;Серия Prisma;P 768;;;2190.0;;;;;;170.0;;10 kW;450.0;шлифованная, полированная  стальная 
PRISMA 1V M;;;Серия Prisma;P 576;;;1768.0;;;;;;170.0;;10 kW;510.0;черная 
PRISMA 1V M;;;Серия Prisma;P 880;;;1840.0;;;;;;170.0;;10 kW;510.0;латунная 
PRISMA 1V M;;;Серия Prisma;P 118;;;1895.0;;;;;;170.0;;10 kW;510.0;узкая золотая  
PRISMA 1V M;;;Серия Prisma;P 774;;;2365.0;;;;;;170.0;;10 kW;510.0;широкая золотая  
PRISMA 1V M;;;Серия Prisma;P 765;;;1895.0;;;;;;170.0;;10 kW;510.0;узкая хромированная 
PRISMA 1V M;;;Серия Prisma;P 244;;;2365.0;;;;;;170.0;;10 kW;510.0;широкая хромированная 
PRISMA 1V M;;;Серия Prisma;P 928;;;2365.0;;;;;;170.0;;10 kW;510.0;шлифованная, полированная  стальная 
PRISMA 1V M;;;Серия Prisma;P 832;;;1946.0;;;;;;170.0;;10 kW;570.0;черная 
PRISMA 1V M;;;Серия Prisma;P 291;;;2020.0;;;;;;170.0;;10 kW;570.0;латунная 
PRISMA 1V M;;;Серия Prisma;P 316;;;2070.0;;;;;;170.0;;10 kW;570.0;узкая золотая  
PRISMA 1V M;;;Серия Prisma;P 932;;;2545.0;;;;;;170.0;;10 kW;570.0;широкая золотая  
PRISMA 1V M;;;Серия Prisma;P 727;;;2070.0;;;;;;170.0;;10 kW;570.0;узкая хромированная 
PRISMA 1V M;;;Серия Prisma;P 373;;;2545.0;;;;;;170.0;;10 kW;570.0;широкая хромированная 
PRISMA 1V M;;;Серия Prisma;P 794;;;2545.0;;;;;;170.0;;10 kW;570.0;шлифованная, полированная  стальная 
PRISMA 1V Mh;;;Серия Prisma;Ph392;;;2515.0;;;;;;185.0;;10 kW;450.0;черная 
PRISMA 1V Mh;;;Серия Prisma;Ph118;;;2590.0;;;;;;185.0;;10 kW;450.0;латунная 
PRISMA 1V Mh;;;Серия Prisma;Ph610;;;2645.0;;;;;;185.0;;10 kW;450.0;узкая золотая  
PRISMA 1V Mh;;;Серия Prisma;Ph966;;;3120.0;;;;;;185.0;;10 kW;450.0;широкая золотая  
PRISMA 1V Mh;;;Серия Prisma;Ph689;;;2645.0;;;;;;185.0;;10 kW;450.0;узкая хромированная 
PRISMA 1V Mh;;;Серия Prisma;Ph646;;;3120.0;;;;;;185.0;;10 kW;450.0;широкая хромированная 
PRISMA 1V Mh;;;Серия Prisma;Ph466;;;3120.0;;;;;;185.0;;10 kW;450.0;шлифованная, полированная  стальная 
PRISMA 1V Mh;;;Серия Prisma;Ph752;;;2695.0;;;;;;185.0;;10 kW;510.0;черная 
PRISMA 1V Mh;;;Серия Prisma;Ph142;;;2770.0;;;;;;185.0;;10 kW;510.0;латунная 
PRISMA 1V Mh;;;Серия Prisma;Ph230;;;2821.0;;;;;;185.0;;10 kW;510.0;узкая золотая  
PRISMA 1V Mh;;;Серия Prisma;Ph443;;;3295.0;;;;;;185.0;;10 kW;510.0;широкая золотая  
PRISMA 1V Mh;;;Серия Prisma;Ph219;;;2821.0;;;;;;185.0;;10 kW;510.0;узкая хромированная 
PRISMA 1V Mh;;;Серия Prisma;Ph390;;;3295.0;;;;;;185.0;;10 kW;510.0;широкая хромированная 
PRISMA 1V Mh;;;Серия Prisma;Ph394;;;3295.0;;;;;;185.0;;10 kW;510.0;шлифованная, полированная  стальная 
PRISMA 1V Mh;;;Серия Prisma;Ph302;;;2880.0;;;;;;185.0;;10 kW;570.0;черная 
PRISMA 1V Mh;;;Серия Prisma;Ph828;;;2955.0;;;;;;185.0;;10 kW;570.0;латунная 
PRISMA 1V Mh;;;Серия Prisma;Ph729;;;3005.0;;;;;;185.0;;10 kW;570.0;узкая золотая  
PRISMA 1V Mh;;;Серия Prisma;Ph845;;;3480.0;;;;;;185.0;;10 kW;570.0;широкая золотая  
PRISMA 1V Mh;;;Серия Prisma;Ph252;;;3005.0;;;;;;185.0;;10 kW;570.0;узкая хромированная 
PRISMA 1V Mh;;;Серия Prisma;Ph990;;;3480.0;;;;;;185.0;;10 kW;570.0;широкая хромированная 
PRISMA 1V Mh;;;Серия Prisma;Ph975;;;3480.0;;;;;;185.0;;10 kW;570.0;шлифованная, полированная  стальная 
PRISMA K    ;;;Серия Prisma;P 943;;;1775.0;;;;;;185.0;;10 kW;450.0;черная 
PRISMA K    ;;;Серия Prisma;P 313;;;1850.0;;;;;;185.0;;10 kW;450.0;латунная 
PRISMA K    ;;;Серия Prisma;P 405;;;1899.0;;;;;;185.0;;10 kW;450.0;узкая золотая  
PRISMA K    ;;;Серия Prisma;P 646;;;2375.0;;;;;;185.0;;10 kW;450.0;широкая золотая  
PRISMA K    ;;;Серия Prisma;P 927;;;1899.0;;;;;;185.0;;10 kW;450.0;узкая хромированная 
PRISMA K    ;;;Серия Prisma;P 827;;;2375.0;;;;;;185.0;;10 kW;450.0;широкая хромированная 
PRISMA K    ;;;Серия Prisma;P 354;;;2375.0;;;;;;185.0;;10 kW;450.0;шлифованная, полированная  стальная 
PRISMA K    ;;;Серия Prisma;P 575;;;1950.0;;;;;;185.0;;10 kW;510.0;черная 
PRISMA K    ;;;Серия Prisma;P 968;;;2021.0;;;;;;185.0;;10 kW;510.0;латунная 
PRISMA K    ;;;Серия Prisma;P 857;;;2075.0;;;;;;185.0;;10 kW;510.0;узкая золотая  
PRISMA K    ;;;Серия Prisma;P 919;;;2549.0;;;;;;185.0;;10 kW;510.0;широкая золотая  
PRISMA K    ;;;Серия Prisma;P 952;;;2075.0;;;;;;185.0;;10 kW;510.0;узкая хромированная 
PRISMA K    ;;;Серия Prisma;P 414;;;2549.0;;;;;;185.0;;10 kW;510.0;широкая хромированная 
PRISMA K    ;;;Серия Prisma;P 701;;;2549.0;;;;;;185.0;;10 kW;510.0;шлифованная, полированная  стальная 
PRISMA K    ;;;Серия Prisma;P 287;;;2115.0;;;;;;185.0;;10 kW;570.0;черная 
PRISMA K    ;;;Серия Prisma;P 914;;;2190.0;;;;;;185.0;;10 kW;570.0;латунная 
PRISMA K    ;;;Серия Prisma;P 607;;;2245.0;;;;;;185.0;;10 kW;570.0;узкая золотая  
PRISMA K    ;;;Серия Prisma;P 964;;;2720.0;;;;;;185.0;;10 kW;570.0;широкая золотая  
PRISMA K    ;;;Серия Prisma;P 937;;;2245.0;;;;;;185.0;;10 kW;570.0;узкая хромированная 
PRISMA K    ;;;Серия Prisma;P 560;;;2720.0;;;;;;185.0;;10 kW;570.0;широкая хромированная 
PRISMA K    ;;;Серия Prisma;P 662;;;2720.0;;;;;;185.0;;10 kW;570.0;шлифованная, полированная  стальная 
PRISMA K    one part glass;;;Серия Prisma;P 838;;;2110.0;;;;;;185.0;;10 kW;450.0;черная 
PRISMA K    one part glass;;;Серия Prisma;P 683;;;2185.0;;;;;;185.0;;10 kW;450.0;латунная 
PRISMA K    one part glass;;;Серия Prisma;P 508;;;2235.0;;;;;;185.0;;10 kW;450.0;узкая золотая  
PRISMA K    one part glass;;;Серия Prisma;P 594;;;2710.0;;;;;;185.0;;10 kW;450.0;широкая золотая  
PRISMA K    one part glass;;;Серия Prisma;P 358;;;2235.0;;;;;;185.0;;10 kW;450.0;узкая хромированная 
PRISMA K    one part glass;;;Серия Prisma;P 822;;;2710.0;;;;;;185.0;;10 kW;450.0;широкая хромированная 
PRISMA K    one part glass;;;Серия Prisma;P 694;;;2710.0;;;;;;185.0;;10 kW;450.0;шлифованная, полированная  стальная 
PRISMA K    one part glass;;;Серия Prisma;P 858;;;2240.0;;;;;;185.0;;10 kW;510.0;черная 
PRISMA K    one part glass;;;Серия Prisma;Ps570;;;2312.0;;;;;;185.0;;10 kW;510.0;латунная 
PRISMA K    one part glass;;;Серия Prisma;Ps211;;;2365.0;;;;;;185.0;;10 kW;510.0;узкая золотая  
PRISMA K    one part glass;;;Серия Prisma;Ps986;;;2840.0;;;;;;185.0;;10 kW;510.0;широкая золотая  
PRISMA K    one part glass;;;Серия Prisma;Ps552;;;2365.0;;;;;;185.0;;10 kW;510.0;узкая хромированная 
PRISMA K    one part glass;;;Серия Prisma;Ps767;;;2840.0;;;;;;185.0;;10 kW;510.0;широкая хромированная 
PRISMA K    one part glass;;;Серия Prisma;Ps913;;;2840.0;;;;;;185.0;;10 kW;510.0;шлифованная, полированная  стальная 
PRISMA K    one part glass;;;Серия Prisma;Ps134;;;2475.0;;;;;;185.0;;10 kW;570.0;черная 
PRISMA K    one part glass;;;Серия Prisma;Ps495;;;2546.0;;;;;;185.0;;10 kW;570.0;латунная 
PRISMA K    one part glass;;;Серия Prisma;Ps628;;;2598.0;;;;;;185.0;;10 kW;570.0;узкая золотая  
PRISMA K    one part glass;;;Серия Prisma;Ps509;;;3070.0;;;;;;185.0;;10 kW;570.0;широкая золотая  
PRISMA K    one part glass;;;Серия Prisma;Ps930;;;2598.0;;;;;;185.0;;10 kW;570.0;узкая хромированная 
PRISMA K    one part glass;;;Серия Prisma;Ps792;;;3070.0;;;;;;185.0;;10 kW;570.0;широкая хромированная 
PRISMA K    one part glass;;;Серия Prisma;Ps109;;;3070.0;;;;;;185.0;;10 kW;570.0;шлифованная, полированная  стальная 
PRISMA K h;;;Серия Prisma;Ph509;;;2670.0;;;;;;205.0;;10 kW;450.0;черная 
PRISMA K h;;;Серия Prisma;Ph217;;;2745.0;;;;;;205.0;;10 kW;450.0;латунная 
PRISMA K h;;;Серия Prisma;Ph329;;;2798.0;;;;;;205.0;;10 kW;450.0;узкая золотая  
PRISMA K h;;;Серия Prisma;Ph620;;;3270.0;;;;;;205.0;;10 kW;450.0;широкая золотая  
PRISMA K h;;;Серия Prisma;Ph890;;;2798.0;;;;;;205.0;;10 kW;450.0;узкая хромированная 
PRISMA K h;;;Серия Prisma;Ph230;;;3270.0;;;;;;205.0;;10 kW;450.0;широкая хромированная 
PRISMA K h;;;Серия Prisma;Ph114;;;3270.0;;;;;;205.0;;10 kW;450.0;шлифованная, полированная  стальная 
PRISMA K h;;;Серия Prisma;Ph669;;;2846.0;;;;;;205.0;;10 kW;510.0;черная 
PRISMA K h;;;Серия Prisma;Ph840;;;2930.0;;;;;;205.0;;10 kW;510.0;латунная 
PRISMA K h;;;Серия Prisma;Ph118;;;2975.0;;;;;;205.0;;10 kW;510.0;узкая золотая  
PRISMA K h;;;Серия Prisma;Ph901;;;3450.0;;;;;;205.0;;10 kW;510.0;широкая золотая  
PRISMA K h;;;Серия Prisma;Ph353;;;2975.0;;;;;;205.0;;10 kW;510.0;узкая хромированная 
PRISMA K h;;;Серия Prisma;Ph827;;;3450.0;;;;;;205.0;;10 kW;510.0;широкая хромированная 
PRISMA K h;;;Серия Prisma;Ph925;;;3450.0;;;;;;205.0;;10 kW;510.0;шлифованная, полированная  стальная 
PRISMA K h;;;Серия Prisma;Ph348;;;3030.0;;;;;;205.0;;10 kW;570.0;черная 
PRISMA K h;;;Серия Prisma;Ph441;;;3105.0;;;;;;205.0;;10 kW;570.0;латунная 
PRISMA K h;;;Серия Prisma;Ph478;;;3156.0;;;;;;205.0;;10 kW;570.0;узкая золотая  
PRISMA K h;;;Серия Prisma;Ph931;;;3630.0;;;;;;205.0;;10 kW;570.0;широкая золотая  
PRISMA K h;;;Серия Prisma;Ph446;;;3156.0;;;;;;205.0;;10 kW;570.0;узкая хромированная 
PRISMA K h;;;Серия Prisma;Ph553;;;3630.0;;;;;;205.0;;10 kW;570.0;широкая хромированная 
PRISMA K h;;;Серия Prisma;Ph222;;;3630.0;;;;;;205.0;;10 kW;570.0;шлифованная, полированная  стальная 
PRISMA K h one part glass;;;Серия Prisma;Ph164;;;2930.0;;;;;;205.0;;10 kW;450.0;черная 
PRISMA K h one part glass;;;Серия Prisma;Ph398;;;3005.0;;;;;;205.0;;10 kW;450.0;латунная 
PRISMA K h one part glass;;;Серия Prisma;Ph725;;;3056.0;;;;;;205.0;;10 kW;450.0;узкая золотая  
PRISMA K h one part glass;;;Серия Prisma;Ph584;;;3530.0;;;;;;205.0;;10 kW;450.0;широкая золотая  
PRISMA K h one part glass;;;Серия Prisma;Ph776;;;3056.0;;;;;;205.0;;10 kW;450.0;узкая хромированная 
PRISMA K h one part glass;;;Серия Prisma;Ph434;;;3530.0;;;;;;205.0;;10 kW;450.0;широкая хромированная 
PRISMA K h one part glass;;;Серия Prisma;Ph106;;;3530.0;;;;;;205.0;;10 kW;450.0;шлифованная, полированная  стальная 
PRISMA K h one part glass;;;Серия Prisma;Ph736;;;3035.0;;;;;;205.0;;10 kW;510.0;черная 
PRISMA K h one part glass;;;Серия Prisma;Ph381;;;3110.0;;;;;;205.0;;10 kW;510.0;латунная 
PRISMA K h one part glass;;;Серия Prisma;Ph826;;;3160.0;;;;;;205.0;;10 kW;510.0;узкая золотая  
PRISMA K h one part glass;;;Серия Prisma;Ph285;;;3635.0;;;;;;205.0;;10 kW;510.0;широкая золотая  
PRISMA K h one part glass;;;Серия Prisma;Ph890;;;3160.0;;;;;;205.0;;10 kW;510.0;узкая хромированная 
PRISMA K h one part glass;;;Серия Prisma;Ps106;;;3635.0;;;;;;205.0;;10 kW;510.0;широкая хромированная 
PRISMA K h one part glass;;;Серия Prisma;Ps234;;;3635.0;;;;;;205.0;;10 kW;510.0;шлифованная, полированная  стальная 
PRISMA K h one part glass;;;Серия Prisma;Ps582;;;3290.0;;;;;;205.0;;10 kW;570.0;черная 
PRISMA K h one part glass;;;Серия Prisma;Ps742;;;3362.0;;;;;;205.0;;10 kW;570.0;латунная 
PRISMA K h one part glass;;;Серия Prisma;Ps208;;;3415.0;;;;;;205.0;;10 kW;570.0;узкая золотая  
PRISMA K h one part glass;;;Серия Prisma;Ps897;;;3890.0;;;;;;205.0;;10 kW;570.0;широкая золотая  
PRISMA K h one part glass;;;Серия Prisma;Ps734;;;3415.0;;;;;;205.0;;10 kW;570.0;узкая хромированная 
PRISMA K h one part glass;;;Серия Prisma;Ps692;;;3890.0;;;;;;205.0;;10 kW;570.0;широкая хромированная 
PRISMA K h one part glass;;;Серия Prisma;Ps740;;;3890.0;;;;;;205.0;;10 kW;570.0;шлифованная, полированная  стальная 
PRISMA KR    ;;;Серия Prisma;P 756;;;1999.0;;;;;;185.0;;10 kW;450.0;черная 
PRISMA KR    ;;;Серия Prisma;P 873;;;2072.0;;;;;;185.0;;10 kW;450.0;латунная 
PRISMA KR    ;;;Серия Prisma;P 461;;;2125.0;;;;;;185.0;;10 kW;450.0;узкая золотая  
PRISMA KR    ;;;Серия Prisma;P 283;;;2600.0;;;;;;185.0;;10 kW;450.0;широкая золотая  
PRISMA KR    ;;;Серия Prisma;P 175;;;2125.0;;;;;;185.0;;10 kW;450.0;узкая хромированная 
PRISMA KR    ;;;Серия Prisma;P 453;;;2600.0;;;;;;185.0;;10 kW;450.0;широкая хромированная 
PRISMA KR    ;;;Серия Prisma;P 640;;;2600.0;;;;;;185.0;;10 kW;450.0;шлифованная, полированная  стальная 
PRISMA KR    ;;;Серия Prisma;P 743;;;2365.0;;;;;;185.0;;10 kW;510.0;черная 
PRISMA KR    ;;;Серия Prisma;P 504;;;2440.0;;;;;;185.0;;10 kW;510.0;латунная 
PRISMA KR    ;;;Серия Prisma;P 936;;;2490.0;;;;;;185.0;;10 kW;510.0;узкая золотая  
PRISMA KR    ;;;Серия Prisma;P 246;;;2965.0;;;;;;185.0;;10 kW;510.0;широкая золотая  
PRISMA KR    ;;;Серия Prisma;P 722;;;2490.0;;;;;;185.0;;10 kW;510.0;узкая хромированная 
PRISMA KR    ;;;Серия Prisma;P 583;;;2965.0;;;;;;185.0;;10 kW;510.0;широкая хромированная 
PRISMA KR    ;;;Серия Prisma;P 828;;;2965.0;;;;;;185.0;;10 kW;510.0;шлифованная, полированная  стальная 
PRISMA KR    ;;;Серия Prisma;P 201;;;2560.0;;;;;;185.0;;10 kW;570.0;черная 
PRISMA KR    ;;;Серия Prisma;P 231;;;2635.0;;;;;;185.0;;10 kW;570.0;латунная 
PRISMA KR    ;;;Серия Prisma;P 663;;;2690.0;;;;;;185.0;;10 kW;570.0;узкая золотая  
PRISMA KR    ;;;Серия Prisma;P 912;;;3159.0;;;;;;185.0;;10 kW;570.0;широкая золотая  
PRISMA KR    ;;;Серия Prisma;P 455;;;2690.0;;;;;;185.0;;10 kW;570.0;узкая хромированная 
PRISMA KR    ;;;Серия Prisma;P 967;;;3159.0;;;;;;185.0;;10 kW;570.0;широкая хромированная 
PRISMA KR    ;;;Серия Prisma;P 233;;;3159.0;;;;;;185.0;;10 kW;570.0;шлифованная, полированная  стальная 
PRISMA KRh   ;;;Серия Prisma;P 785;;;2990.0;;;;;;205.0;;10 kW;450.0;черная 
PRISMA KRh   ;;;Серия Prisma;P 634;;;3065.0;;;;;;205.0;;10 kW;450.0;латунная 
PRISMA KRh   ;;;Серия Prisma;P 910;;;3120.0;;;;;;205.0;;10 kW;450.0;узкая золотая  
PRISMA KRh   ;;;Серия Prisma;P 271;;;3590.0;;;;;;205.0;;10 kW;450.0;широкая золотая  
PRISMA KRh   ;;;Серия Prisma;P 388;;;3120.0;;;;;;205.0;;10 kW;450.0;узкая хромированная 
PRISMA KRh   ;;;Серия Prisma;P 522;;;3590.0;;;;;;205.0;;10 kW;450.0;широкая хромированная 
PRISMA KRh   ;;;Серия Prisma;P 665;;;3590.0;;;;;;205.0;;10 kW;450.0;шлифованная, полированная  стальная 
PRISMA KRh   ;;;Серия Prisma;P 581;;;3095.0;;;;;;205.0;;10 kW;510.0;черная 
PRISMA KRh   ;;;Серия Prisma;P 735;;;3170.0;;;;;;205.0;;10 kW;510.0;латунная 
PRISMA KRh   ;;;Серия Prisma;P 809;;;3220.0;;;;;;205.0;;10 kW;510.0;узкая золотая  
PRISMA KRh   ;;;Серия Prisma;P 228;;;3695.0;;;;;;205.0;;10 kW;510.0;широкая золотая  
PRISMA KRh   ;;;Серия Prisma;P 265;;;3220.0;;;;;;205.0;;10 kW;510.0;узкая хромированная 
PRISMA KRh   ;;;Серия Prisma;P 956;;;3695.0;;;;;;205.0;;10 kW;510.0;широкая хромированная 
PRISMA KRh   ;;;Серия Prisma;P 858;;;3695.0;;;;;;205.0;;10 kW;510.0;шлифованная, полированная  стальная 
PRISMA KRh   ;;;Серия Prisma;P 534;;;3355.0;;;;;;205.0;;10 kW;570.0;черная 
PRISMA KRh   ;;;Серия Prisma;P 657;;;3430.0;;;;;;205.0;;10 kW;570.0;латунная 
PRISMA KRh   ;;;Серия Prisma;P 719;;;3485.0;;;;;;205.0;;10 kW;570.0;узкая золотая  
PRISMA KRh   ;;;Серия Prisma;P 713;;;3955.0;;;;;;205.0;;10 kW;570.0;широкая золотая  
PRISMA KRh   ;;;Серия Prisma;P 627;;;3485.0;;;;;;205.0;;10 kW;570.0;узкая хромированная 
PRISMA KRh   ;;;Серия Prisma;P 386;;;3955.0;;;;;;205.0;;10 kW;570.0;широкая хромированная 
PRISMA KRh   ;;;Серия Prisma;P 261;;;3955.0;;;;;;205.0;;10 kW;570.0;шлифованная, полированная  стальная 
PRISMA DR   ;;;Серия Prisma;P 305;;;4645.0;;;;;;380.0;;14 kW;450.0;черная 
PRISMA DR   ;;;Серия Prisma;P 453;;;4795.0;;;;;;380.0;;14 kW;450.0;латунная 
PRISMA DR   ;;;Серия Prisma;P 474;;;4899.0;;;;;;380.0;;14 kW;450.0;узкая золотая  
PRISMA DR   ;;;Серия Prisma;P 562;;;5845.0;;;;;;380.0;;14 kW;450.0;широкая золотая  
PRISMA DR   ;;;Серия Prisma;P 833;;;4899.0;;;;;;380.0;;14 kW;450.0;узкая хромированная 
PRISMA DR   ;;;Серия Prisma;P 294;;;5845.0;;;;;;380.0;;14 kW;450.0;широкая хромированная 
PRISMA DR   ;;;Серия Prisma;P 994;;;5845.0;;;;;;380.0;;14 kW;450.0;шлифованная, полированная  стальная 
PRISMA DR   ;;;Серия Prisma;P 569;;;4830.0;;;;;;380.0;;14 kW;510.0;черная 
PRISMA DR   ;;;Серия Prisma;P 834;;;4903.0;;;;;;380.0;;14 kW;510.0;латунная 
PRISMA DR   ;;;Серия Prisma;P 875;;;4955.0;;;;;;380.0;;14 kW;510.0;узкая золотая  
PRISMA DR   ;;;Серия Prisma;P 973;;;6030.0;;;;;;380.0;;14 kW;510.0;широкая золотая  
PRISMA DR   ;;;Серия Prisma;P 157;;;4955.0;;;;;;380.0;;14 kW;510.0;узкая хромированная 
PRISMA DR   ;;;Серия Prisma;P 902;;;6030.0;;;;;;380.0;;14 kW;510.0;широкая хромированная 
PRISMA DR   ;;;Серия Prisma;P 697;;;6030.0;;;;;;380.0;;14 kW;510.0;шлифованная, полированная  стальная 
PRISMA DR   ;;;Серия Prisma;P 861;;;5010.0;;;;;;380.0;;14 kW;570.0;черная 
PRISMA DR   ;;;Серия Prisma;P 725;;;5085.0;;;;;;380.0;;14 kW;570.0;латунная 
PRISMA DR   ;;;Серия Prisma;P 804;;;5135.0;;;;;;380.0;;14 kW;570.0;узкая золотая  
PRISMA DR   ;;;Серия Prisma;P 586;;;6210.0;;;;;;380.0;;14 kW;570.0;широкая золотая  
PRISMA DR   ;;;Серия Prisma;P 917;;;5135.0;;;;;;380.0;;14 kW;570.0;узкая хромированная 
PRISMA DR   ;;;Серия Prisma;P 733;;;6210.0;;;;;;380.0;;14 kW;570.0;широкая хромированная 
PRISMA DR   ;;;Серия Prisma;P 824;;;6210.0;;;;;;380.0;;14 kW;570.0;шлифованная, полированная  стальная 
PRISMA DRh   ;;;Серия Prisma;P 227;;;5475.0;;;;;;410.0;;14 kW;450.0;черная 
PRISMA DRh   ;;;Серия Prisma;P 321;;;5549.0;;;;;;410.0;;14 kW;450.0;латунная 
PRISMA DRh   ;;;Серия Prisma;P 598;;;5600.0;;;;;;410.0;;14 kW;450.0;узкая золотая  
PRISMA DRh   ;;;Серия Prisma;P 884;;;6210.0;;;;;;410.0;;14 kW;450.0;широкая золотая  
PRISMA DRh   ;;;Серия Prisma;P 657;;;5600.0;;;;;;410.0;;14 kW;450.0;узкая хромированная 
PRISMA DRh   ;;;Серия Prisma;P 175;;;6210.0;;;;;;410.0;;14 kW;450.0;широкая хромированная 
PRISMA DRh   ;;;Серия Prisma;P 489;;;6210.0;;;;;;410.0;;14 kW;450.0;шлифованная, полированная  стальная 
PRISMA DRh   ;;;Серия Prisma;P 995;;;5590.0;;;;;;410.0;;14 kW;510.0;черная 
PRISMA DRh   ;;;Серия Prisma;P 272;;;5660.0;;;;;;410.0;;14 kW;510.0;латунная 
PRISMA DRh   ;;;Серия Prisma;P 692;;;5715.0;;;;;;410.0;;14 kW;510.0;узкая золотая  
PRISMA DRh   ;;;Серия Prisma;P 499;;;6210.0;;;;;;410.0;;14 kW;510.0;широкая золотая  
PRISMA DRh   ;;;Серия Prisma;P 293;;;5715.0;;;;;;410.0;;14 kW;510.0;узкая хромированная 
PRISMA DRh   ;;;Серия Prisma;P 276;;;6210.0;;;;;;410.0;;14 kW;510.0;широкая хромированная 
PRISMA DRh   ;;;Серия Prisma;P 700;;;6210.0;;;;;;410.0;;14 kW;510.0;шлифованная, полированная  стальная 
PRISMA DRh   ;;;Серия Prisma;P 240;;;5695.0;;;;;;410.0;;14 kW;570.0;черная 
PRISMA DRh   ;;;Серия Prisma;P 290;;;5768.0;;;;;;410.0;;14 kW;570.0;латунная 
PRISMA DRh   ;;;Серия Prisma;P 804;;;5820.0;;;;;;410.0;;14 kW;570.0;узкая золотая  
PRISMA DRh   ;;;Серия Prisma;P 247;;;6210.0;;;;;;410.0;;14 kW;570.0;широкая золотая  
PRISMA DRh   ;;;Серия Prisma;P 121;;;5820.0;;;;;;410.0;;14 kW;570.0;узкая хромированная 
PRISMA DRh   ;;;Серия Prisma;P 233;;;6210.0;;;;;;410.0;;14 kW;570.0;широкая хромированная 
PRISMA DRh   ;;;Серия Prisma;P 109;;;6210.0;;;;;;410.0;;14 kW;570.0;шлифованная, полированная  стальная 
PRISMA E;;;Серия Prisma;PE687;;;2075.0;;;;;;210.0;;13 kW;450.0;черная 
PRISMA E;;;Серия Prisma;PE694;;;2150.0;;;;;;210.0;;13 kW;450.0;латунная 
PRISMA E;;;Серия Prisma;PE997;;;2205.0;;;;;;210.0;;13 kW;450.0;узкая золотая  
PRISMA E;;;Серия Prisma;PE240;;;2675.0;;;;;;210.0;;13 kW;450.0;широкая золотая  
PRISMA E;;;Серия Prisma;PE912;;;2205.0;;;;;;210.0;;13 kW;450.0;узкая хромированная 
PRISMA E;;;Серия Prisma;PE259;;;2675.0;;;;;;210.0;;13 kW;450.0;широкая хромированная 
PRISMA E;;;Серия Prisma;PE377;;;2675.0;;;;;;210.0;;13 kW;450.0;шлифованная, полированная  стальная 
PRISMA E;;;Серия Prisma;PE571;;;2256.0;;;;;;210.0;;13 kW;510.0;черная 
PRISMA E;;;Серия Prisma;PE640;;;2335.0;;;;;;210.0;;13 kW;510.0;латунная 
PRISMA E;;;Серия Prisma;PE241;;;2385.0;;;;;;210.0;;13 kW;510.0;узкая золотая  
PRISMA E;;;Серия Prisma;PE720;;;2860.0;;;;;;210.0;;13 kW;510.0;широкая золотая  
PRISMA E;;;Серия Prisma;PE937;;;2385.0;;;;;;210.0;;13 kW;510.0;узкая хромированная 
PRISMA E;;;Серия Prisma;PE752;;;2860.0;;;;;;210.0;;13 kW;510.0;широкая хромированная 
PRISMA E;;;Серия Prisma;PE185;;;2860.0;;;;;;210.0;;13 kW;510.0;шлифованная, полированная  стальная 
PRISMA E;;;Серия Prisma;PE568;;;2435.0;;;;;;210.0;;13 kW;570.0;черная 
PRISMA E;;;Серия Prisma;PE780;;;2505.0;;;;;;210.0;;13 kW;570.0;латунная 
PRISMA E;;;Серия Prisma;PE376;;;2560.0;;;;;;210.0;;13 kW;570.0;узкая золотая  
PRISMA E;;;Серия Prisma;PE797;;;3032.0;;;;;;210.0;;13 kW;570.0;широкая золотая  
PRISMA E;;;Серия Prisma;PE232;;;2560.0;;;;;;210.0;;13 kW;570.0;узкая хромированная 
PRISMA E;;;Серия Prisma;PE211;;;3032.0;;;;;;210.0;;13 kW;570.0;широкая хромированная 
PRISMA E;;;Серия Prisma;PE855;;;3032.0;;;;;;210.0;;13 kW;570.0;шлифованная, полированная  стальная 
PRISMA E one part glass;;;Серия Prisma;Ps532;;;2275.0;;;;;;210.0;;13 kW;450.0;черная 
PRISMA E one part glass;;;Серия Prisma;Ps103;;;2350.0;;;;;;210.0;;13 kW;450.0;латунная 
PRISMA E one part glass;;;Серия Prisma;Ps961;;;2405.0;;;;;;210.0;;13 kW;450.0;узкая золотая  
PRISMA E one part glass;;;Серия Prisma;Ps552;;;2876.0;;;;;;210.0;;13 kW;450.0;широкая золотая  
PRISMA E one part glass;;;Серия Prisma;Ps833;;;2405.0;;;;;;210.0;;13 kW;450.0;узкая хромированная 
PRISMA E one part glass;;;Серия Prisma;Ps902;;;2876.0;;;;;;210.0;;13 kW;450.0;широкая хромированная 
PRISMA E one part glass;;;Серия Prisma;Ps166;;;2876.0;;;;;;210.0;;13 kW;450.0;шлифованная, полированная  стальная 
PRISMA E one part glass;;;Серия Prisma;Ps170;;;2469.0;;;;;;210.0;;13 kW;510.0;черная 
PRISMA E one part glass;;;Серия Prisma;Ps620;;;2545.0;;;;;;210.0;;13 kW;510.0;латунная 
PRISMA E one part glass;;;Серия Prisma;Ps545;;;2595.0;;;;;;210.0;;13 kW;510.0;узкая золотая  
PRISMA E one part glass;;;Серия Prisma;Ps443;;;3070.0;;;;;;210.0;;13 kW;510.0;широкая золотая  
PRISMA E one part glass;;;Серия Prisma;Ps697;;;2595.0;;;;;;210.0;;13 kW;510.0;узкая хромированная 
PRISMA E one part glass;;;Серия Prisma;Ps978;;;3070.0;;;;;;210.0;;13 kW;510.0;широкая хромированная 
PRISMA E one part glass;;;Серия Prisma;Ps670;;;3070.0;;;;;;210.0;;13 kW;510.0;шлифованная, полированная  стальная 
PRISMA E one part glass;;;Серия Prisma;Ps208;;;2682.0;;;;;;210.0;;13 kW;570.0;черная 
PRISMA E one part glass;;;Серия Prisma;Ps330;;;2760.0;;;;;;210.0;;13 kW;570.0;латунная 
PRISMA E one part glass;;;Серия Prisma;Ps326;;;2810.0;;;;;;210.0;;13 kW;570.0;узкая золотая  
PRISMA E one part glass;;;Серия Prisma;Ps311;;;3285.0;;;;;;210.0;;13 kW;570.0;широкая золотая  
PRISMA E one part glass;;;Серия Prisma;Ps982;;;2810.0;;;;;;210.0;;13 kW;570.0;узкая хромированная 
PRISMA E one part glass;;;Серия Prisma;Ps194;;;3285.0;;;;;;210.0;;13 kW;570.0;широкая хромированная 
PRISMA E one part glass;;;Серия Prisma;Ps238;;;3285.0;;;;;;210.0;;13 kW;570.0;шлифованная, полированная  стальная 
PRISMA E h;;;Серия Prisma;Ps301;;;2945.0;;;;;;230.0;;13 kW;450.0;черная 
PRISMA E h;;;Серия Prisma;Ps804;;;3020.0;;;;;;230.0;;13 kW;450.0;латунная 
PRISMA E h;;;Серия Prisma;Ps131;;;3070.0;;;;;;230.0;;13 kW;450.0;узкая золотая  
PRISMA E h;;;Серия Prisma;Ph533;;;3545.0;;;;;;230.0;;13 kW;450.0;широкая золотая  
PRISMA E h;;;Серия Prisma;Ph615;;;3070.0;;;;;;230.0;;13 kW;450.0;узкая хромированная 
PRISMA E h;;;Серия Prisma;Ph704;;;3545.0;;;;;;230.0;;13 kW;450.0;широкая хромированная 
PRISMA E h;;;Серия Prisma;Ph452;;;3545.0;;;;;;230.0;;13 kW;450.0;шлифованная, полированная  стальная 
PRISMA E h;;;Серия Prisma;Ph121;;;3105.0;;;;;;230.0;;13 kW;510.0;черная 
PRISMA E h;;;Серия Prisma;Ph959;;;3180.0;;;;;;230.0;;13 kW;510.0;латунная 
PRISMA E h;;;Серия Prisma;Ph215;;;3230.0;;;;;;230.0;;13 kW;510.0;узкая золотая  
PRISMA E h;;;Серия Prisma;Ph149;;;3710.0;;;;;;230.0;;13 kW;510.0;широкая золотая  
PRISMA E h;;;Серия Prisma;Ph563;;;3230.0;;;;;;230.0;;13 kW;510.0;узкая хромированная 
PRISMA E h;;;Серия Prisma;Ph893;;;3710.0;;;;;;230.0;;13 kW;510.0;широкая хромированная 
PRISMA E h;;;Серия Prisma;Ph572;;;3710.0;;;;;;230.0;;13 kW;510.0;шлифованная, полированная  стальная 
PRISMA E h;;;Серия Prisma;Ph974;;;3285.0;;;;;;230.0;;13 kW;570.0;черная 
PRISMA E h;;;Серия Prisma;Ph520;;;3360.0;;;;;;230.0;;13 kW;570.0;латунная 
PRISMA E h;;;Серия Prisma;Ph463;;;3410.0;;;;;;230.0;;13 kW;570.0;узкая золотая  
PRISMA E h;;;Серия Prisma;Ph156;;;3885.0;;;;;;230.0;;13 kW;570.0;широкая золотая  
PRISMA E h;;;Серия Prisma;Ph375;;;3410.0;;;;;;230.0;;13 kW;570.0;узкая хромированная 
PRISMA E h;;;Серия Prisma;Ph843;;;3885.0;;;;;;230.0;;13 kW;570.0;широкая хромированная 
PRISMA E h;;;Серия Prisma;Ph463;;;3885.0;;;;;;230.0;;13 kW;570.0;шлифованная, полированная  стальная 
PRISMA E h one part glass;;;Серия Prisma;Ps149;;;3075.0;;;;;;230.0;;13 kW;450.0;черная 
PRISMA E h one part glass;;;Серия Prisma;Ps130;;;3150.0;;;;;;230.0;;13 kW;450.0;латунная 
PRISMA E h one part glass;;;Серия Prisma;Ps528;;;3205.0;;;;;;230.0;;13 kW;450.0;узкая золотая  
PRISMA E h one part glass;;;Серия Prisma;Ps955;;;3675.0;;;;;;230.0;;13 kW;450.0;широкая золотая  
PRISMA E h one part glass;;;Серия Prisma;Ps663;;;3205.0;;;;;;230.0;;13 kW;450.0;узкая хромированная 
PRISMA E h one part glass;;;Серия Prisma;Ps942;;;3675.0;;;;;;230.0;;13 kW;450.0;широкая хромированная 
PRISMA E h one part glass;;;Серия Prisma;Ps504;;;3675.0;;;;;;230.0;;13 kW;450.0;шлифованная, полированная  стальная 
PRISMA E h one part glass;;;Серия Prisma;Ps274;;;3225.0;;;;;;230.0;;13 kW;510.0;черная 
PRISMA E h one part glass;;;Серия Prisma;Ps602;;;3310.0;;;;;;230.0;;13 kW;510.0;латунная 
PRISMA E h one part glass;;;Серия Prisma;Ps476;;;3350.0;;;;;;230.0;;13 kW;510.0;узкая золотая  
PRISMA E h one part glass;;;Серия Prisma;Ps916;;;3830.0;;;;;;230.0;;13 kW;510.0;широкая золотая  
PRISMA E h one part glass;;;Серия Prisma;Ps824;;;3350.0;;;;;;230.0;;13 kW;510.0;узкая хромированная 
PRISMA E h one part glass;;;Серия Prisma;Ps205;;;3830.0;;;;;;230.0;;13 kW;510.0;широкая хромированная 
PRISMA E h one part glass;;;Серия Prisma;Ps632;;;3830.0;;;;;;230.0;;13 kW;510.0;шлифованная, полированная  стальная 
PRISMA E h one part glass;;;Серия Prisma;Ps725;;;3475.0;;;;;;230.0;;13 kW;570.0;черная 
PRISMA E h one part glass;;;Серия Prisma;Ps702;;;3550.0;;;;;;230.0;;13 kW;570.0;латунная 
PRISMA E h one part glass;;;Серия Prisma;Ps845;;;3598.0;;;;;;230.0;;13 kW;570.0;узкая золотая  
PRISMA E h one part glass;;;Серия Prisma;Ps236;;;4070.0;;;;;;230.0;;13 kW;570.0;широкая золотая  
PRISMA E h one part glass;;;Серия Prisma;Ps871;;;3598.0;;;;;;230.0;;13 kW;570.0;узкая хромированная 
PRISMA E h one part glass;;;Серия Prisma;Ps463;;;4070.0;;;;;;230.0;;13 kW;570.0;широкая хромированная 
PRISMA E h one part glass;;;Серия Prisma;Ps731;;;4070.0;;;;;;230.0;;13 kW;570.0;шлифованная, полированная  стальная 
PRISMA E-FD;;;Серия Prisma;Ps557;;;2705.0;;;;;;195.0;;13 kW;450.0;черная 
PRISMA E-FD;;;Серия Prisma;Ps874;;;2855.0;;;;;;195.0;;13 kW;450.0;латунная 
PRISMA E-FD;;;Серия Prisma;Ps309;;;2960.0;;;;;;195.0;;13 kW;450.0;узкая золотая  
PRISMA E-FD;;;Серия Prisma;Ps610;;;3905.0;;;;;;195.0;;13 kW;450.0;широкая золотая  
PRISMA E-FD;;;Серия Prisma;Ps564;;;2960.0;;;;;;195.0;;13 kW;450.0;узкая хромированная 
PRISMA E-FD;;;Серия Prisma;Ps491;;;3905.0;;;;;;195.0;;13 kW;450.0;широкая хромированная 
PRISMA E-FD;;;Серия Prisma;Ps763;;;3905.0;;;;;;195.0;;13 kW;450.0;шлифованная, полированная  стальная 
PRISMA E-FD;;;Серия Prisma;PD955;;;2885.0;;;;;;195.0;;13 kW;510.0;черная 
PRISMA E-FD;;;Серия Prisma;PD228;;;3035.0;;;;;;195.0;;13 kW;510.0;латунная 
PRISMA E-FD;;;Серия Prisma;PD944;;;3135.0;;;;;;195.0;;13 kW;510.0;узкая золотая  
PRISMA E-FD;;;Серия Prisma;PD369;;;4085.0;;;;;;195.0;;13 kW;510.0;широкая золотая  
PRISMA E-FD;;;Серия Prisma;PD656;;;3135.0;;;;;;195.0;;13 kW;510.0;узкая хромированная 
PRISMA E-FD;;;Серия Prisma;PD718;;;4085.0;;;;;;195.0;;13 kW;510.0;широкая хромированная 
PRISMA E-FD;;;Серия Prisma;PD908;;;4085.0;;;;;;195.0;;13 kW;510.0;шлифованная, полированная  стальная 
PRISMA E-FD;;;Серия Prisma;PD622;;;3065.0;;;;;;195.0;;13 kW;570.0;черная 
PRISMA E-FD;;;Серия Prisma;PD244;;;3210.0;;;;;;195.0;;13 kW;570.0;латунная 
PRISMA E-FD;;;Серия Prisma;PD495;;;3315.0;;;;;;195.0;;13 kW;570.0;узкая золотая  
PRISMA E-FD;;;Серия Prisma;PD706;;;4260.0;;;;;;195.0;;13 kW;570.0;широкая золотая  
PRISMA E-FD;;;Серия Prisma;PD126;;;3315.0;;;;;;195.0;;13 kW;570.0;узкая хромированная 
PRISMA E-FD;;;Серия Prisma;PD235;;;4260.0;;;;;;195.0;;13 kW;570.0;широкая хромированная 
PRISMA E-FD;;;Серия Prisma;PD811;;;4260.0;;;;;;195.0;;13 kW;570.0;шлифованная, полированная  стальная 
PRISMA E-FD one part glass;;;Серия Prisma;Ps136;;;3150.0;;;;;;195.0;;13 kW;450.0;черная 
PRISMA E-FD one part glass;;;Серия Prisma;Ps392;;;3300.0;;;;;;195.0;;13 kW;450.0;латунная 
PRISMA E-FD one part glass;;;Серия Prisma;Ps952;;;3405.0;;;;;;195.0;;13 kW;450.0;узкая золотая  
PRISMA E-FD one part glass;;;Серия Prisma;Ps278;;;4354.0;;;;;;195.0;;13 kW;450.0;широкая золотая  
PRISMA E-FD one part glass;;;Серия Prisma;Ps142;;;3405.0;;;;;;195.0;;13 kW;450.0;узкая хромированная 
PRISMA E-FD one part glass;;;Серия Prisma;Ps634;;;4354.0;;;;;;195.0;;13 kW;450.0;широкая хромированная 
PRISMA E-FD one part glass;;;Серия Prisma;Ps950;;;4354.0;;;;;;195.0;;13 kW;450.0;шлифованная, полированная  стальная 
PRISMA E-FD one part glass;;;Серия Prisma;Ps763;;;3295.0;;;;;;195.0;;13 kW;510.0;черная 
PRISMA E-FD one part glass;;;Серия Prisma;Ps236;;;3443.0;;;;;;195.0;;13 kW;510.0;латунная 
PRISMA E-FD one part glass;;;Серия Prisma;Ps676;;;3485.0;;;;;;195.0;;13 kW;510.0;узкая золотая  
PRISMA E-FD one part glass;;;Серия Prisma;Ps341;;;4493.0;;;;;;195.0;;13 kW;510.0;широкая золотая  
PRISMA E-FD one part glass;;;Серия Prisma;Ps123;;;3485.0;;;;;;195.0;;13 kW;510.0;узкая хромированная 
PRISMA E-FD one part glass;;;Серия Prisma;Ps998;;;4493.0;;;;;;195.0;;13 kW;510.0;широкая хромированная 
PRISMA E-FD one part glass;;;Серия Prisma;Ps510;;;4493.0;;;;;;195.0;;13 kW;510.0;шлифованная, полированная  стальная 
PRISMA E-FD one part glass;;;Серия Prisma;Ps840;;;3935.0;;;;;;195.0;;13 kW;570.0;черная 
PRISMA E-FD one part glass;;;Серия Prisma;Ps917;;;4085.0;;;;;;195.0;;13 kW;570.0;латунная 
PRISMA E-FD one part glass;;;Серия Prisma;Ps289;;;4185.0;;;;;;195.0;;13 kW;570.0;узкая золотая  
PRISMA E-FD one part glass;;;Серия Prisma;Ps436;;;5135.0;;;;;;195.0;;13 kW;570.0;широкая золотая  
PRISMA E-FD one part glass;;;Серия Prisma;Ps980;;;4185.0;;;;;;195.0;;13 kW;570.0;узкая хромированная 
PRISMA E-FD one part glass;;;Серия Prisma;Ps803;;;5135.0;;;;;;195.0;;13 kW;570.0;широкая хромированная 
PRISMA E-FD one part glass;;;Серия Prisma;Ps831;;;5135.0;;;;;;195.0;;13 kW;570.0;шлифованная, полированная  стальная 
PRISMA E-FD h;;;Серия Prisma;Ps241;;;3655.0;;;;;;215.0;;13 kW;450.0;черная 
PRISMA E-FD h;;;Серия Prisma;Ps696;;;3805.0;;;;;;215.0;;13 kW;450.0;латунная 
PRISMA E-FD h;;;Серия Prisma;Ps384;;;3910.0;;;;;;215.0;;13 kW;450.0;узкая золотая  
PRISMA E-FD h;;;Серия Prisma;Ps226;;;4855.0;;;;;;215.0;;13 kW;450.0;широкая золотая  
PRISMA E-FD h;;;Серия Prisma;Ps158;;;3910.0;;;;;;215.0;;13 kW;450.0;узкая хромированная 
PRISMA E-FD h;;;Серия Prisma;Ps227;;;4855.0;;;;;;215.0;;13 kW;450.0;широкая хромированная 
PRISMA E-FD h;;;Серия Prisma;Ps685;;;4855.0;;;;;;215.0;;13 kW;450.0;шлифованная, полированная  стальная 
PRISMA E-FD h;;;Серия Prisma;Ps882;;;3830.0;;;;;;215.0;;13 kW;510.0;черная 
PRISMA E-FD h;;;Серия Prisma;Ps222;;;3980.0;;;;;;215.0;;13 kW;510.0;латунная 
PRISMA E-FD h;;;Серия Prisma;Ps208;;;4085.0;;;;;;215.0;;13 kW;510.0;узкая золотая  
PRISMA E-FD h;;;Серия Prisma;Ps393;;;5035.0;;;;;;215.0;;13 kW;510.0;широкая золотая  
PRISMA E-FD h;;;Серия Prisma;Ph188;;;4085.0;;;;;;215.0;;13 kW;510.0;узкая хромированная 
PRISMA E-FD h;;;Серия Prisma;Ph259;;;5035.0;;;;;;215.0;;13 kW;510.0;широкая хромированная 
PRISMA E-FD h;;;Серия Prisma;Ph361;;;5035.0;;;;;;215.0;;13 kW;510.0;шлифованная, полированная  стальная 
PRISMA E-FD h;;;Серия Prisma;Ph596;;;4010.0;;;;;;215.0;;13 kW;570.0;черная 
PRISMA E-FD h;;;Серия Prisma;Ph160;;;4157.0;;;;;;215.0;;13 kW;570.0;латунная 
PRISMA E-FD h;;;Серия Prisma;Ph132;;;4259.0;;;;;;215.0;;13 kW;570.0;узкая золотая  
PRISMA E-FD h;;;Серия Prisma;Ph737;;;5207.0;;;;;;215.0;;13 kW;570.0;широкая золотая  
PRISMA E-FD h;;;Серия Prisma;Ph226;;;4259.0;;;;;;215.0;;13 kW;570.0;узкая хромированная 
PRISMA E-FD h;;;Серия Prisma;Ph143;;;5207.0;;;;;;215.0;;13 kW;570.0;широкая хромированная 
PRISMA E-FD h;;;Серия Prisma;Ph810;;;5207.0;;;;;;215.0;;13 kW;570.0;шлифованная, полированная  стальная 
PRISMA E-FD one part glass;;;Серия Prisma;Ps468;;;3910.0;;;;;;215.0;;13 kW;450.0;черная 
PRISMA E-FD one part glass;;;Серия Prisma;Ps222;;;4060.0;;;;;;215.0;;13 kW;450.0;латунная 
PRISMA E-FD one part glass;;;Серия Prisma;Ps347;;;4165.0;;;;;;215.0;;13 kW;450.0;узкая золотая  
PRISMA E-FD one part glass;;;Серия Prisma;Ps688;;;5110.0;;;;;;215.0;;13 kW;450.0;широкая золотая  
PRISMA E-FD one part glass;;;Серия Prisma;Ps270;;;4165.0;;;;;;215.0;;13 kW;450.0;узкая хромированная 
PRISMA E-FD one part glass;;;Серия Prisma;Ps377;;;5110.0;;;;;;215.0;;13 kW;450.0;широкая хромированная 
PRISMA E-FD one part glass;;;Серия Prisma;Ps536;;;5110.0;;;;;;215.0;;13 kW;450.0;шлифованная, полированная  стальная 
PRISMA E-FD one part glass;;;Серия Prisma;Ps651;;;4015.0;;;;;;215.0;;13 kW;510.0;черная 
PRISMA E-FD one part glass;;;Серия Prisma;Ps981;;;4160.0;;;;;;215.0;;13 kW;510.0;латунная 
PRISMA E-FD one part glass;;;Серия Prisma;Ps156;;;4265.0;;;;;;215.0;;13 kW;510.0;узкая золотая  
PRISMA E-FD one part glass;;;Серия Prisma;Ps379;;;5215.0;;;;;;215.0;;13 kW;510.0;широкая золотая  
PRISMA E-FD one part glass;;;Серия Prisma;Ps928;;;4265.0;;;;;;215.0;;13 kW;510.0;узкая хромированная 
PRISMA E-FD one part glass;;;Серия Prisma;Ps867;;;5215.0;;;;;;215.0;;13 kW;510.0;широкая хромированная 
PRISMA E-FD one part glass;;;Серия Prisma;Ps383;;;5215.0;;;;;;215.0;;13 kW;510.0;шлифованная, полированная  стальная 
PRISMA E-FD one part glass;;;Серия Prisma;Ps938;;;4530.0;;;;;;215.0;;13 kW;570.0;черная 
PRISMA E-FD one part glass;;;Серия Prisma;Ps932;;;4680.0;;;;;;215.0;;13 kW;570.0;латунная 
PRISMA E-FD one part glass;;;Серия Prisma;Ps212;;;4785.0;;;;;;215.0;;13 kW;570.0;узкая золотая  
PRISMA E-FD one part glass;;;Серия Prisma;Ps818;;;5730.0;;;;;;215.0;;13 kW;570.0;широкая золотая  
PRISMA E-FD one part glass;;;Серия Prisma;Ps783;;;4785.0;;;;;;215.0;;13 kW;570.0;узкая хромированная 
PRISMA E-FD one part glass;;;Серия Prisma;Ps356;;;5730.0;;;;;;215.0;;13 kW;570.0;широкая хромированная 
PRISMA E-FD one part glass;;;Серия Prisma;Ps878;;;5730.0;;;;;;215.0;;13 kW;570.0;шлифованная, полированная  стальная 
VOLCANO  1V;;;Серия Volcano;Ps430;;;1870.0;;;;;;230.0;;14 kW;450.0;черная 
VOLCANO  1V;;;Серия Volcano;Ps157;;;1945.0;;;;;;230.0;;14 kW;450.0;латунная 
VOLCANO  1V;;;Серия Volcano;Ps139;;;1995.0;;;;;;230.0;;14 kW;450.0;узкая золотая  
VOLCANO  1V;;;Серия Volcano;Ps538;;;2469.0;;;;;;230.0;;14 kW;450.0;широкая золотая  
VOLCANO  1V;;;Серия Volcano;Ps458;;;1995.0;;;;;;230.0;;14 kW;450.0;узкая хромированная 
VOLCANO  1V;;;Серия Volcano;Ps241;;;2469.0;;;;;;230.0;;14 kW;450.0;широкая хромированная 
VOLCANO  1V;;;Серия Volcano;Ps387;;;2469.0;;;;;;230.0;;14 kW;450.0;шлифованная, полированная  стальная 
VOLCANO  1V;;;Серия Volcano;Ps910;;;1935.0;;;;;;230.0;;14 kW;510.0;черная 
VOLCANO  1V;;;Серия Volcano;Ps491;;;2010.0;;;;;;230.0;;14 kW;510.0;латунная 
VOLCANO  1V;;;Серия Volcano;Ps918;;;2063.0;;;;;;230.0;;14 kW;510.0;узкая золотая  
VOLCANO  1V;;;Серия Volcano;Ps331;;;2535.0;;;;;;230.0;;14 kW;510.0;широкая золотая  
VOLCANO  1V;;;Серия Volcano;Ps215;;;2063.0;;;;;;230.0;;14 kW;510.0;узкая хромированная 
VOLCANO  1V;;;Серия Volcano;Ps303;;;2535.0;;;;;;230.0;;14 kW;510.0;широкая хромированная 
VOLCANO  1V;;;Серия Volcano;Ps843;;;2535.0;;;;;;230.0;;14 kW;510.0;шлифованная, полированная  стальная 
VOLCANO  1V;;;Серия Volcano;Ps292;;;2150.0;;;;;;230.0;;14 kW;570.0;черная 
VOLCANO  1V;;;Серия Volcano;VV630;;;2225.0;;;;;;230.0;;14 kW;570.0;латунная 
VOLCANO  1V;;;Серия Volcano;VV823;;;2278.0;;;;;;230.0;;14 kW;570.0;узкая золотая  
VOLCANO  1V;;;Серия Volcano;VV175;;;2750.0;;;;;;230.0;;14 kW;570.0;широкая золотая  
VOLCANO  1V;;;Серия Volcano;VV911;;;2278.0;;;;;;230.0;;14 kW;570.0;узкая хромированная 
VOLCANO  1V;;;Серия Volcano;VV942;;;2750.0;;;;;;230.0;;14 kW;570.0;широкая хромированная 
VOLCANO  1V;;;Серия Volcano;VV637;;;2750.0;;;;;;230.0;;14 kW;570.0;шлифованная, полированная  стальная 
VOLCANO 1V h;;;Серия Volcano;Vh827;;;2615.0;;;;;;260.0;;14 kW;450.0;черная 
VOLCANO 1V h;;;Серия Volcano;Vh611;;;2689.0;;;;;;260.0;;14 kW;450.0;латунная 
VOLCANO 1V h;;;Серия Volcano;Vh300;;;2737.0;;;;;;260.0;;14 kW;450.0;узкая золотая  
VOLCANO 1V h;;;Серия Volcano;Vh998;;;3215.0;;;;;;260.0;;14 kW;450.0;широкая золотая  
VOLCANO 1V h;;;Серия Volcano;Vh393;;;2737.0;;;;;;260.0;;14 kW;450.0;узкая хромированная 
VOLCANO 1V h;;;Серия Volcano;Vh693;;;3215.0;;;;;;260.0;;14 kW;450.0;широкая хромированная 
VOLCANO 1V h;;;Серия Volcano;Vh627;;;3215.0;;;;;;260.0;;14 kW;450.0;шлифованная, полированная  стальная 
VOLCANO 1V h;;;Серия Volcano;Vh214;;;2760.0;;;;;;260.0;;14 kW;510.0;черная 
VOLCANO 1V h;;;Серия Volcano;Vh936;;;2835.0;;;;;;260.0;;14 kW;510.0;латунная 
VOLCANO 1V h;;;Серия Volcano;Vh557;;;2885.0;;;;;;260.0;;14 kW;510.0;узкая золотая  
VOLCANO 1V h;;;Серия Volcano;Vh953;;;3360.0;;;;;;260.0;;14 kW;510.0;широкая золотая  
VOLCANO 1V h;;;Серия Volcano;Vh119;;;2885.0;;;;;;260.0;;14 kW;510.0;узкая хромированная 
VOLCANO 1V h;;;Серия Volcano;Vh866;;;3360.0;;;;;;260.0;;14 kW;510.0;широкая хромированная 
VOLCANO 1V h;;;Серия Volcano;Vh120;;;3360.0;;;;;;260.0;;14 kW;510.0;шлифованная, полированная  стальная 
VOLCANO 1V h;;;Серия Volcano;Vh113;;;2957.0;;;;;;260.0;;14 kW;570.0;черная 
VOLCANO 1V h;;;Серия Volcano;Vh224;;;3032.0;;;;;;260.0;;14 kW;570.0;латунная 
VOLCANO 1V h;;;Серия Volcano;Vh287;;;3080.0;;;;;;260.0;;14 kW;570.0;узкая золотая  
VOLCANO 1V h;;;Серия Volcano;Vh221;;;3555.0;;;;;;260.0;;14 kW;570.0;широкая золотая  
VOLCANO 1V h;;;Серия Volcano;Vh663;;;3080.0;;;;;;260.0;;14 kW;570.0;узкая хромированная 
VOLCANO 1V h;;;Серия Volcano;Vh390;;;3555.0;;;;;;260.0;;14 kW;570.0;широкая хромированная 
VOLCANO 1V h;;;Серия Volcano;Vh642;;;3555.0;;;;;;260.0;;14 kW;570.0;шлифованная, полированная  стальная 
VOLCANO 1VT ;;;Серия Volcano;Vh859;;;1985.0;;;;;;230.0;;14 kW;510.0;черная 
VOLCANO 1VT ;;;Серия Volcano;Vh713;;;3032.0;;;;;;230.0;;14 kW;510.0;латунная 
VOLCANO 1VT ;;;Серия Volcano;Vh644;;;2145.0;;;;;;230.0;;14 kW;510.0;узкая золотая  
VOLCANO 1VT ;;;Серия Volcano;Vh363;;;3555.0;;;;;;230.0;;14 kW;510.0;широкая золотая  
VOLCANO 1VT ;;;Серия Volcano;Vh256;;;2145.0;;;;;;230.0;;14 kW;510.0;узкая хромированная 
VOLCANO 1VT ;;;Серия Volcano;Vh366;;;3555.0;;;;;;230.0;;14 kW;510.0;широкая хромированная 
VOLCANO 1VT ;;;Серия Volcano;Vh564;;;3555.0;;;;;;230.0;;14 kW;510.0;шлифованная, полированная  стальная 
VOLCANO AT New !;;;Серия Volcano;Vh488;;;2385.0;;;;;;240.0;;11 kW;450.0;черная 
VOLCANO AT New !;;;Серия Volcano;Vh727;;;3032.0;;;;;;240.0;;11 kW;450.0;латунная 
VOLCANO AT New !;;;Серия Volcano;Vh154;;;2555.0;;;;;;240.0;;11 kW;450.0;узкая золотая  
VOLCANO AT New !;;;Серия Volcano;Vh129;;;3555.0;;;;;;240.0;;11 kW;450.0;широкая золотая  
VOLCANO AT New !;;;Серия Volcano;Vh608;;;2555.0;;;;;;240.0;;11 kW;450.0;узкая хромированная 
VOLCANO AT New !;;;Серия Volcano;Vh470;;;3555.0;;;;;;240.0;;11 kW;450.0;широкая хромированная 
VOLCANO AT New !;;;Серия Volcano;Vh723;;;3555.0;;;;;;240.0;;11 kW;450.0;шлифованная, полированная  стальная 
VOLCANO ATh New !;;;Серия Volcano;Vh661;;;3640.0;;;;;;240.0;;11 kW;450.0;черная 
VOLCANO ATh New !;;;Серия Volcano;Vh963;;;3032.0;;;;;;240.0;;11 kW;450.0;латунная 
VOLCANO ATh New !;;;Серия Volcano;Vh340;;;3810.0;;;;;;240.0;;11 kW;450.0;узкая золотая  
VOLCANO ATh New !;;;Серия Volcano;Vh864;;;3555.0;;;;;;240.0;;11 kW;450.0;широкая золотая  
VOLCANO ATh New !;;;Серия Volcano;Vh564;;;3810.0;;;;;;240.0;;11 kW;450.0;узкая хромированная 
VOLCANO ATh New !;;;Серия Volcano;Vh553;;;3555.0;;;;;;240.0;;11 kW;450.0;широкая хромированная 
VOLCANO ATh New !;;;Серия Volcano;Vh617;;;3555.0;;;;;;240.0;;11 kW;450.0;шлифованная, полированная  стальная 
VOLCANO N;;;Серия Volcano;Vh581;;;2065.0;;;;;;220.0;;14 kW;510.0;черная 
VOLCANO N;;;Серия Volcano;V 566;;;2140.0;;;;;;220.0;;14 kW;510.0;латунная 
VOLCANO N;;;Серия Volcano;VN764;;;2190.0;;;;;;220.0;;14 kW;510.0;узкая золотая  
VOLCANO N;;;Серия Volcano;VN495;;;2665.0;;;;;;220.0;;14 kW;510.0;широкая золотая  
VOLCANO N;;;Серия Volcano;VN452;;;2190.0;;;;;;220.0;;14 kW;510.0;узкая хромированная 
VOLCANO N;;;Серия Volcano;VN446;;;2665.0;;;;;;220.0;;14 kW;510.0;широкая хромированная 
VOLCANO N;;;Серия Volcano;VN212;;;2665.0;;;;;;220.0;;14 kW;510.0;шлифованная, полированная  стальная 
VOLCANO N h;;;Серия Volcano;Vh376;;;3020.0;;;;;;240.0;;14 kW;510.0;черная 
VOLCANO N h;;;Серия Volcano;Vh523;;;3098.0;;;;;;240.0;;14 kW;510.0;латунная 
VOLCANO N h;;;Серия Volcano;Vh845;;;3150.0;;;;;;240.0;;14 kW;510.0;узкая золотая  
VOLCANO N h;;;Серия Volcano;Vh319;;;3625.0;;;;;;240.0;;14 kW;510.0;широкая золотая  
VOLCANO N h;;;Серия Volcano;Vh662;;;3150.0;;;;;;240.0;;14 kW;510.0;узкая хромированная 
VOLCANO N h;;;Серия Volcano;Vh770;;;3625.0;;;;;;240.0;;14 kW;510.0;широкая хромированная 
VOLCANO N h;;;Серия Volcano;Vh154;;;3625.0;;;;;;240.0;;14 kW;510.0;шлифованная, полированная  стальная 
VOLCANO FD;;;Серия Volcano;VD328;;;2540.0;;;;;;215.0;;14 kW;450.0;черная 
VOLCANO FD;;;Серия Volcano;VD563;;;2690.0;;;;;;215.0;;14 kW;450.0;латунная 
VOLCANO FD;;;Серия Volcano;VD440;;;2795.0;;;;;;215.0;;14 kW;450.0;узкая золотая  
VOLCANO FD;;;Серия Volcano;VD1000;;;3740.0;;;;;;215.0;;14 kW;450.0;широкая золотая  
VOLCANO FD;;;Серия Volcano;VD935;;;2795.0;;;;;;215.0;;14 kW;450.0;узкая хромированная 
VOLCANO FD;;;Серия Volcano;VD432;;;3740.0;;;;;;215.0;;14 kW;450.0;широкая хромированная 
VOLCANO FD;;;Серия Volcano;VD471;;;3740.0;;;;;;215.0;;14 kW;450.0;шлифованная, полированная  стальная 
VOLCANO FD;;;Серия Volcano;VD407;;;2695.0;;;;;;215.0;;14 kW;510.0;черная 
VOLCANO FD;;;Серия Volcano;VD904;;;2845.0;;;;;;215.0;;14 kW;510.0;латунная 
VOLCANO FD;;;Серия Volcano;VD325;;;2945.0;;;;;;215.0;;14 kW;510.0;узкая золотая  
VOLCANO FD;;;Серия Volcano;VD366;;;3895.0;;;;;;215.0;;14 kW;510.0;широкая золотая  
VOLCANO FD;;;Серия Volcano;VD412;;;2945.0;;;;;;215.0;;14 kW;510.0;узкая хромированная 
VOLCANO FD;;;Серия Volcano;VD691;;;3895.0;;;;;;215.0;;14 kW;510.0;широкая хромированная 
VOLCANO FD;;;Серия Volcano;VD753;;;3895.0;;;;;;215.0;;14 kW;510.0;шлифованная, полированная  стальная 
VOLCANO FD;;;Серия Volcano;VD165;;;2845.0;;;;;;215.0;;14 kW;570.0;черная 
VOLCANO FD;;;Серия Volcano;VD711;;;2995.0;;;;;;215.0;;14 kW;570.0;латунная 
VOLCANO FD;;;Серия Volcano;VD441;;;3040.0;;;;;;215.0;;14 kW;570.0;узкая золотая  
VOLCANO FD;;;Серия Volcano;VD316;;;4042.0;;;;;;215.0;;14 kW;570.0;широкая золотая  
VOLCANO FD;;;Серия Volcano;VD173;;;3040.0;;;;;;215.0;;14 kW;570.0;узкая хромированная 
VOLCANO FD;;;Серия Volcano;VD413;;;4042.0;;;;;;215.0;;14 kW;570.0;широкая хромированная 
VOLCANO FD;;;Серия Volcano;VD548;;;4042.0;;;;;;215.0;;14 kW;570.0;шлифованная, полированная  стальная 
VOLCANO FD h;;;Серия Volcano;VD779;;;3383.0;;;;;;245.0;;14 kW;450.0;черная 
VOLCANO FD h;;;Серия Volcano;VD142;;;3530.0;;;;;;245.0;;14 kW;450.0;латунная 
VOLCANO FD h;;;Серия Volcano;VD751;;;3635.0;;;;;;245.0;;14 kW;450.0;узкая золотая  
VOLCANO FD h;;;Серия Volcano;VD948;;;4580.0;;;;;;245.0;;14 kW;450.0;широкая золотая  
VOLCANO FD h;;;Серия Volcano;VD946;;;3635.0;;;;;;245.0;;14 kW;450.0;узкая хромированная 
VOLCANO FD h;;;Серия Volcano;VD940;;;4580.0;;;;;;245.0;;14 kW;450.0;широкая хромированная 
VOLCANO FD h;;;Серия Volcano;VD471;;;4580.0;;;;;;245.0;;14 kW;450.0;шлифованная, полированная  стальная 
VOLCANO FD h;;;Серия Volcano;VD426;;;3505.0;;;;;;245.0;;14 kW;510.0;черная 
VOLCANO FD h;;;Серия Volcano;VD401;;;3655.0;;;;;;245.0;;14 kW;510.0;латунная 
VOLCANO FD h;;;Серия Volcano;VD489;;;3759.0;;;;;;245.0;;14 kW;510.0;узкая золотая  
VOLCANO FD h;;;Серия Volcano;VD796;;;4705.0;;;;;;245.0;;14 kW;510.0;широкая золотая  
VOLCANO FD h;;;Серия Volcano;VD652;;;3759.0;;;;;;245.0;;14 kW;510.0;узкая хромированная 
VOLCANO FD h;;;Серия Volcano;VD805;;;4705.0;;;;;;245.0;;14 kW;510.0;широкая хромированная 
VOLCANO FD h;;;Серия Volcano;Vh549;;;4705.0;;;;;;245.0;;14 kW;510.0;шлифованная, полированная  стальная 
VOLCANO FD h;;;Серия Volcano;Vh416;;;3769.0;;;;;;245.0;;14 kW;570.0;черная 
VOLCANO FD h;;;Серия Volcano;Vh272;;;3915.0;;;;;;245.0;;14 kW;570.0;латунная 
VOLCANO FD h;;;Серия Volcano;Vh280;;;4015.0;;;;;;245.0;;14 kW;570.0;узкая золотая  
VOLCANO FD h;;;Серия Volcano;Vh990;;;4965.0;;;;;;245.0;;14 kW;570.0;широкая золотая  
VOLCANO FD h;;;Серия Volcano;Vh229;;;4015.0;;;;;;245.0;;14 kW;570.0;узкая хромированная 
VOLCANO FD h;;;Серия Volcano;Vh616;;;4965.0;;;;;;245.0;;14 kW;570.0;широкая хромированная 
VOLCANO FD h;;;Серия Volcano;Vh144;;;4965.0;;;;;;245.0;;14 kW;570.0;шлифованная, полированная  стальная 
VOLCANO 2P/2L;;;Серия Volcano;VL341;;;2080.0;;;;;;220.0;;14 kW;450.0;черная 
VOLCANO 2P/2L;;;Серия Volcano;VL470;;;2155.0;;;;;;220.0;;14 kW;450.0;латунная 
VOLCANO 2P/2L;;;Серия Volcano;VL309;;;2210.0;;;;;;220.0;;14 kW;450.0;узкая золотая  
VOLCANO 2P/2L;;;Серия Volcano;VL932;;;2680.0;;;;;;220.0;;14 kW;450.0;широкая золотая  
VOLCANO 2P/2L;;;Серия Volcano;VL900;;;2210.0;;;;;;220.0;;14 kW;450.0;узкая хромированная 
VOLCANO 2P/2L;;;Серия Volcano;VL255;;;2680.0;;;;;;220.0;;14 kW;450.0;широкая хромированная 
VOLCANO 2P/2L;;;Серия Volcano;VL923;;;2680.0;;;;;;220.0;;14 kW;450.0;шлифованная, полированная  стальная 
VOLCANO 2P/2L;;;Серия Volcano;VL215;;;2230.0;;;;;;220.0;;11 kW;510.0;черная 
VOLCANO 2P/2L;;;Серия Volcano;VL441;;;2305.0;;;;;;220.0;;11 kW;510.0;латунная 
VOLCANO 2P/2L;;;Серия Volcano;VL699;;;2355.0;;;;;;220.0;;11 kW;510.0;узкая золотая  
VOLCANO 2P/2L;;;Серия Volcano;VL449;;;2830.0;;;;;;220.0;;11 kW;510.0;широкая золотая  
VOLCANO 2P/2L;;;Серия Volcano;VL319;;;2355.0;;;;;;220.0;;11 kW;510.0;узкая хромированная 
VOLCANO 2P/2L;;;Серия Volcano;VL471;;;2830.0;;;;;;220.0;;11 kW;510.0;широкая хромированная 
VOLCANO 2P/2L;;;Серия Volcano;VL625;;;2830.0;;;;;;220.0;;11 kW;510.0;шлифованная, полированная  стальная 
VOLCANO 2P/2L;;;Серия Volcano;VL537;;;2380.0;;;;;;220.0;;11 kW;570.0;черная 
VOLCANO 2P/2L;;;Серия Volcano;VL961;;;2452.0;;;;;;220.0;;11 kW;570.0;латунная 
VOLCANO 2P/2L;;;Серия Volcano;VL503;;;2505.0;;;;;;220.0;;11 kW;570.0;узкая золотая  
VOLCANO 2P/2L;;;Серия Volcano;VL402;;;2980.0;;;;;;220.0;;11 kW;570.0;широкая золотая  
VOLCANO 2P/2L;;;Серия Volcano;VL567;;;2505.0;;;;;;220.0;;11 kW;570.0;узкая хромированная 
VOLCANO 2P/2L;;;Серия Volcano;VL138;;;2980.0;;;;;;220.0;;11 kW;570.0;широкая хромированная 
VOLCANO 2P/2L;;;Серия Volcano;VL696;;;2980.0;;;;;;220.0;;11 kW;570.0;шлифованная, полированная  стальная 
VOLCANO 2P/2L  without pole;;;Серия Volcano;VL971;;;2080.0;;;;;;220.0;;14 kW;450.0;черная 
VOLCANO 2P/2L  without pole;;;Серия Volcano;VL436;;;2155.0;;;;;;220.0;;14 kW;450.0;латунная 
VOLCANO 2P/2L  without pole;;;Серия Volcano;VL556;;;2210.0;;;;;;220.0;;14 kW;450.0;узкая золотая  
VOLCANO 2P/2L  without pole;;;Серия Volcano;VL946;;;2680.0;;;;;;220.0;;14 kW;450.0;широкая золотая  
VOLCANO 2P/2L  without pole;;;Серия Volcano;VL716;;;2210.0;;;;;;220.0;;14 kW;450.0;узкая хромированная 
VOLCANO 2P/2L  without pole;;;Серия Volcano;VL622;;;2680.0;;;;;;220.0;;14 kW;450.0;широкая хромированная 
VOLCANO 2P/2L  without pole;;;Серия Volcano;VL573;;;2680.0;;;;;;220.0;;14 kW;450.0;шлифованная, полированная  стальная 
VOLCANO 2P/2L  without pole;;;Серия Volcano;VL200;;;2230.0;;;;;;220.0;;14 kW;510.0;черная 
VOLCANO 2P/2L  without pole;;;Серия Volcano;VL531;;;2305.0;;;;;;220.0;;14 kW;510.0;латунная 
VOLCANO 2P/2L  without pole;;;Серия Volcano;VL320;;;2355.0;;;;;;220.0;;14 kW;510.0;узкая золотая  
VOLCANO 2P/2L  without pole;;;Серия Volcano;VL678;;;2830.0;;;;;;220.0;;14 kW;510.0;широкая золотая  
VOLCANO 2P/2L  without pole;;;Серия Volcano;VL810;;;2355.0;;;;;;220.0;;14 kW;510.0;узкая хромированная 
VOLCANO 2P/2L  without pole;;;Серия Volcano;VL344;;;2830.0;;;;;;220.0;;14 kW;510.0;широкая хромированная 
VOLCANO 2P/2L  without pole;;;Серия Volcano;VL943;;;2830.0;;;;;;220.0;;14 kW;510.0;шлифованная, полированная  стальная 
VOLCANO 2PT/2LT New ! without pole ,one part glass;;;Серия Volcano;VL677;;;2815.0;;;;;;220.0;;14 kW;510.0;черная 
VOLCANO 2PT/2LT New ! without pole ,one part glass;;;Серия Volcano;VL358;;;2305.0;;;;;;220.0;;14 kW;510.0;латунная 
VOLCANO 2PT/2LT New ! without pole ,one part glass;;;Серия Volcano;VL341;;;2999.0;;;;;;220.0;;14 kW;510.0;узкая золотая  
VOLCANO 2PT/2LT New ! without pole ,one part glass;;;Серия Volcano;Vs439;;;2830.0;;;;;;220.0;;14 kW;510.0;широкая золотая  
VOLCANO 2PT/2LT New ! without pole ,one part glass;;;Серия Volcano;Vs543;;;2999.0;;;;;;220.0;;14 kW;510.0;узкая хромированная 
VOLCANO 2PT/2LT New ! without pole ,one part glass;;;Серия Volcano;Vs301;;;2830.0;;;;;;220.0;;14 kW;510.0;широкая хромированная 
VOLCANO 2PT/2LT New ! without pole ,one part glass;;;Серия Volcano;Vs480;;;2830.0;;;;;;220.0;;14 kW;510.0;шлифованная, полированная  стальная 
VOLCANO 2P/2L h;;;Серия Volcano;Vh597;;;2899.0;;;;;;260.0;;14 kW;450.0;черная 
VOLCANO 2P/2L h;;;Серия Volcano;Vh420;;;2971.0;;;;;;260.0;;14 kW;450.0;латунная 
VOLCANO 2P/2L h;;;Серия Volcano;Vh186;;;3025.0;;;;;;260.0;;14 kW;450.0;узкая золотая  
VOLCANO 2P/2L h;;;Серия Volcano;Vh614;;;3499.0;;;;;;260.0;;14 kW;450.0;широкая золотая  
VOLCANO 2P/2L h;;;Серия Volcano;Vh326;;;3025.0;;;;;;260.0;;14 kW;450.0;узкая хромированная 
VOLCANO 2P/2L h;;;Серия Volcano;Vh134;;;3499.0;;;;;;260.0;;14 kW;450.0;широкая хромированная 
VOLCANO 2P/2L h;;;Серия Volcano;Vh557;;;3499.0;;;;;;260.0;;14 kW;450.0;шлифованная, полированная  стальная 
VOLCANO 2P/2L h;;;Серия Volcano;Vh484;;;2930.0;;;;;;260.0;;14 kW;510.0;черная 
VOLCANO 2P/2L h;;;Серия Volcano;Vh881;;;3000.0;;;;;;260.0;;14 kW;510.0;латунная 
VOLCANO 2P/2L h;;;Серия Volcano;Vh277;;;3055.0;;;;;;260.0;;14 kW;510.0;узкая золотая  
VOLCANO 2P/2L h;;;Серия Volcano;Vh770;;;3530.0;;;;;;260.0;;14 kW;510.0;широкая золотая  
VOLCANO 2P/2L h;;;Серия Volcano;Vh218;;;3055.0;;;;;;260.0;;14 kW;510.0;узкая хромированная 
VOLCANO 2P/2L h;;;Серия Volcano;Vh521;;;3530.0;;;;;;260.0;;14 kW;510.0;широкая хромированная 
VOLCANO 2P/2L h;;;Серия Volcano;Vh231;;;3530.0;;;;;;260.0;;14 kW;510.0;шлифованная, полированная  стальная 
VOLCANO 2P/2L h;;;Серия Volcano;Vh907;;;2965.0;;;;;;260.0;;14 kW;570.0;черная 
VOLCANO 2P/2L h;;;Серия Volcano;Vh204;;;3040.0;;;;;;260.0;;14 kW;570.0;латунная 
VOLCANO 2P/2L h;;;Серия Volcano;Vh204;;;3090.0;;;;;;260.0;;14 kW;570.0;узкая золотая  
VOLCANO 2P/2L h;;;Серия Volcano;Vh338;;;3565.0;;;;;;260.0;;14 kW;570.0;широкая золотая  
VOLCANO 2P/2L h;;;Серия Volcano;Vh950;;;3090.0;;;;;;260.0;;14 kW;570.0;узкая хромированная 
VOLCANO 2P/2L h;;;Серия Volcano;Vh439;;;3565.0;;;;;;260.0;;14 kW;570.0;широкая хромированная 
VOLCANO 2P/2L h;;;Серия Volcano;Vh438;;;3565.0;;;;;;260.0;;14 kW;570.0;шлифованная, полированная  стальная 
VOLCANO 2P/2L h one part glass;;;Серия Volcano;Vh223;;;3355.0;;;;;;260.0;;14 kW;570.0;черная 
VOLCANO 2P/2L h one part glass;;;Серия Volcano;Vh944;;;3430.0;;;;;;260.0;;14 kW;570.0;латунная 
VOLCANO 2P/2L h one part glass;;;Серия Volcano;Vh314;;;3479.0;;;;;;260.0;;14 kW;570.0;узкая золотая  
VOLCANO 2P/2L h one part glass;;;Серия Volcano;Vh678;;;3955.0;;;;;;260.0;;14 kW;570.0;широкая золотая  
VOLCANO 2P/2L h one part glass;;;Серия Volcano;Vh133;;;3479.0;;;;;;260.0;;14 kW;570.0;узкая хромированная 
VOLCANO 2P/2L h one part glass;;;Серия Volcano;Vh315;;;3955.0;;;;;;260.0;;14 kW;570.0;широкая хромированная 
VOLCANO 2P/2L h one part glass;;;Серия Volcano;Vh576;;;3955.0;;;;;;260.0;;14 kW;570.0;шлифованная, полированная  стальная 
VOLCANO 2PR/2LR h;;;Серия Volcano;Vh566;;;3390.0;;;;;;260.0;;14 kW;510.0;черная 
VOLCANO 2PR/2LR h;;;Серия Volcano;Vh823;;;3430.0;;;;;;260.0;;14 kW;510.0;латунная 
VOLCANO 2PR/2LR h;;;Серия Volcano;Vh516;;;3479.0;;;;;;260.0;;14 kW;510.0;узкая золотая  
VOLCANO 2PR/2LR h;;;Серия Volcano;Vh770;;;3955.0;;;;;;260.0;;14 kW;510.0;широкая золотая  
VOLCANO 2PR/2LR h;;;Серия Volcano;Vh104;;;3479.0;;;;;;260.0;;14 kW;510.0;узкая хромированная 
VOLCANO 2PR/2LR h;;;Серия Volcano;Vh605;;;3955.0;;;;;;260.0;;14 kW;510.0;широкая хромированная 
VOLCANO 2PR/2LR h;;;Серия Volcano;Vh297;;;3955.0;;;;;;260.0;;14 kW;510.0;шлифованная, полированная  стальная 
VOLCANO 3PL ;;;Серия Volcano;Vh234;;;2515.0;;;;;;220.0;;14 kW;450.0;черная 
VOLCANO 3PL ;;;Серия Volcano;Vh593;;;2590.0;;;;;;220.0;;14 kW;450.0;латунная 
VOLCANO 3PL ;;;Серия Volcano;Vh703;;;2640.0;;;;;;220.0;;14 kW;450.0;узкая золотая  
VOLCANO 3PL ;;;Серия Volcano;Vh229;;;3115.0;;;;;;220.0;;14 kW;450.0;широкая золотая  
VOLCANO 3PL ;;;Серия Volcano;Vh604;;;2640.0;;;;;;220.0;;14 kW;450.0;узкая хромированная 
VOLCANO 3PL ;;;Серия Volcano;Vh917;;;3115.0;;;;;;220.0;;14 kW;450.0;широкая хромированная 
VOLCANO 3PL ;;;Серия Volcano;Vh666;;;3115.0;;;;;;220.0;;14 kW;450.0;шлифованная, полированная  стальная 
VOLCANO 3PL ;;;Серия Volcano;V 829;;;2660.0;;;;;;220.0;;14 kW;510.0;черная 
VOLCANO 3PL ;;;Серия Volcano;V 446;;;2735.0;;;;;;220.0;;14 kW;510.0;латунная 
VOLCANO 3PL ;;;Серия Volcano;V 514;;;2785.0;;;;;;220.0;;14 kW;510.0;узкая золотая  
VOLCANO 3PL ;;;Серия Volcano;V 619;;;3262.0;;;;;;220.0;;14 kW;510.0;широкая золотая  
VOLCANO 3PL ;;;Серия Volcano;V 205;;;2785.0;;;;;;220.0;;14 kW;510.0;узкая хромированная 
VOLCANO 3PL ;;;Серия Volcano;V 524;;;3262.0;;;;;;220.0;;14 kW;510.0;широкая хромированная 
VOLCANO 3PL ;;;Серия Volcano;V 122;;;3262.0;;;;;;220.0;;14 kW;510.0;шлифованная, полированная  стальная 
VOLCANO 3PL ;;;Серия Volcano;V 312;;;2810.0;;;;;;220.0;;14 kW;570.0;черная 
VOLCANO 3PL ;;;Серия Volcano;V 926;;;2885.0;;;;;;220.0;;14 kW;570.0;латунная 
VOLCANO 3PL ;;;Серия Volcano;V 845;;;2935.0;;;;;;220.0;;14 kW;570.0;узкая золотая  
VOLCANO 3PL ;;;Серия Volcano;V 935;;;3410.0;;;;;;220.0;;14 kW;570.0;широкая золотая  
VOLCANO 3PL ;;;Серия Volcano;V 953;;;2935.0;;;;;;220.0;;14 kW;570.0;узкая хромированная 
VOLCANO 3PL ;;;Серия Volcano;V 874;;;3410.0;;;;;;220.0;;14 kW;570.0;широкая хромированная 
VOLCANO 3PL ;;;Серия Volcano;V 788;;;3410.0;;;;;;220.0;;14 kW;570.0;шлифованная, полированная  стальная 
VOLCANO 3PL h;;;Серия Volcano;Vh990;;;3655.0;;;;;;270.0;;14 kW;450.0;черная 
VOLCANO 3PL h;;;Серия Volcano;Vh197;;;3730.0;;;;;;270.0;;14 kW;450.0;латунная 
VOLCANO 3PL h;;;Серия Volcano;Vh876;;;3780.0;;;;;;270.0;;14 kW;450.0;узкая золотая  
VOLCANO 3PL h;;;Серия Volcano;Vh763;;;3972.0;;;;;;270.0;;14 kW;450.0;широкая золотая  
VOLCANO 3PL h;;;Серия Volcano;Vh593;;;3780.0;;;;;;270.0;;14 kW;450.0;узкая хромированная 
VOLCANO 3PL h;;;Серия Volcano;Vh116;;;3972.0;;;;;;270.0;;14 kW;450.0;широкая хромированная 
VOLCANO 3PL h;;;Серия Volcano;Vh467;;;3972.0;;;;;;270.0;;14 kW;450.0;шлифованная, полированная  стальная 
VOLCANO 3PL h;;;Серия Volcano;Vh810;;;3910.0;;;;;;270.0;;14 kW;510.0;черная 
VOLCANO 3PL h;;;Серия Volcano;Vh530;;;3975.0;;;;;;270.0;;14 kW;510.0;латунная 
VOLCANO 3PL h;;;Серия Volcano;Vh747;;;4025.0;;;;;;270.0;;14 kW;510.0;узкая золотая  
VOLCANO 3PL h;;;Серия Volcano;Vh228;;;3098.0;;;;;;270.0;;14 kW;510.0;широкая золотая  
VOLCANO 3PL h;;;Серия Volcano;Vh570;;;4025.0;;;;;;270.0;;14 kW;510.0;узкая хромированная 
VOLCANO 3PL h;;;Серия Volcano;Vh335;;;3098.0;;;;;;270.0;;14 kW;510.0;широкая хромированная 
VOLCANO 3PL h;;;Серия Volcano;Vh951;;;3098.0;;;;;;270.0;;14 kW;510.0;шлифованная, полированная  стальная 
VOLCANO 3PL h;;;Серия Volcano;Vh181;;;3950.0;;;;;;270.0;;14 kW;570.0;черная 
VOLCANO 3PL h;;;Серия Volcano;Vh394;;;4010.0;;;;;;270.0;;14 kW;570.0;латунная 
VOLCANO 3PL h;;;Серия Volcano;Vh308;;;4060.0;;;;;;270.0;;14 kW;570.0;узкая золотая  
VOLCANO 3PL h;;;Серия Volcano;Vh299;;;3882.0;;;;;;270.0;;14 kW;570.0;широкая золотая  
VOLCANO 3PL h;;;Серия Volcano;Vh463;;;4060.0;;;;;;270.0;;14 kW;570.0;узкая хромированная 
VOLCANO 3PL h;;;Серия Volcano;Vh369;;;3882.0;;;;;;270.0;;14 kW;570.0;широкая хромированная 
VOLCANO 3PL h;;;Серия Volcano;Vh611;;;3882.0;;;;;;270.0;;14 kW;570.0;шлифованная, полированная  стальная 
VOLCANO F;;;Серия Volcano;Vh291;;;3375.0;;;;;;230.0;;14 kW;510.0;черная 
VOLCANO F;;;Серия Volcano;Vh713;;;3450.0;;;;;;230.0;;14 kW;510.0;латунная 
VOLCANO F;;;Серия Volcano;Vh955;;;3499.0;;;;;;230.0;;14 kW;510.0;узкая золотая  
VOLCANO F;;;Серия Volcano;Vh193;;;3378.0;;;;;;230.0;;14 kW;510.0;широкая золотая  
VOLCANO F;;;Серия Volcano;Vh992;;;3499.0;;;;;;230.0;;14 kW;510.0;узкая хромированная 
VOLCANO F;;;Серия Volcano;Vh134;;;3378.0;;;;;;230.0;;14 kW;510.0;широкая хромированная 
VOLCANO F;;;Серия Volcano;Vh391;;;3378.0;;;;;;230.0;;14 kW;510.0;шлифованная, полированная  стальная 
VOLCANO S;;;Серия Volcano;Vh552;;;2498.0;;;;;;300.0;;15 kW;615.0;черная 
VOLCANO S;;;Серия Volcano;Vh384;;;2575.0;;;;;;300.0;;15 kW;615.0;латунная 
VOLCANO S;;;Серия Volcano;Vh974;;;2630.0;;;;;;300.0;;15 kW;615.0;узкая золотая  
VOLCANO S;;;Серия Volcano;Vh124;;;3099.0;;;;;;300.0;;15 kW;615.0;широкая золотая  
VOLCANO S;;;Серия Volcano;VS886;;;2630.0;;;;;;300.0;;15 kW;615.0;узкая хромированная 
VOLCANO S;;;Серия Volcano;VS847;;;3099.0;;;;;;300.0;;15 kW;615.0;широкая хромированная 
VOLCANO S;;;Серия Volcano;VS134;;;3099.0;;;;;;300.0;;15 kW;615.0;шлифованная, полированная  стальная 
VOLCANO Sh;;;Серия Volcano;Vh164;;;3282.0;;;;;;350.0;;15 kW;615.0;черная 
VOLCANO Sh;;;Серия Volcano;Vh728;;;3355.0;;;;;;350.0;;15 kW;615.0;латунная 
VOLCANO Sh;;;Серия Volcano;Vh430;;;3410.0;;;;;;350.0;;15 kW;615.0;узкая золотая  
VOLCANO Sh;;;Серия Volcano;Vh797;;;3882.0;;;;;;350.0;;15 kW;615.0;широкая золотая  
VOLCANO Sh;;;Серия Volcano;Vh836;;;3410.0;;;;;;350.0;;15 kW;615.0;узкая хромированная 
VOLCANO Sh;;;Серия Volcano;Vh182;;;3882.0;;;;;;350.0;;15 kW;615.0;широкая хромированная 
VOLCANO Sh;;;Серия Volcano;Vh600;;;3882.0;;;;;;350.0;;15 kW;615.0;шлифованная, полированная  стальная 
VOLCANO SR;;;Серия Volcano;VR142;;;2780.0;;;;;;300.0;;15 kW;615.0;черная 
VOLCANO SR;;;Серия Volcano;VR103;;;3355.0;;;;;;300.0;;15 kW;615.0;латунная 
VOLCANO SR;;;Серия Volcano;VR849;;;3410.0;;;;;;300.0;;15 kW;615.0;узкая золотая  
VOLCANO SR;;;Серия Volcano;VR884;;;3380.0;;;;;;300.0;;15 kW;615.0;широкая золотая  
VOLCANO SR;;;Серия Volcano;VR384;;;3410.0;;;;;;300.0;;15 kW;615.0;узкая хромированная 
VOLCANO SR;;;Серия Volcano;VR722;;;3380.0;;;;;;300.0;;15 kW;615.0;широкая хромированная 
VOLCANO SR;;;Серия Volcano;VR917;;;3380.0;;;;;;300.0;;15 kW;615.0;шлифованная, полированная  стальная 
VOLCANO SRh;;;Серия Volcano;Vh819;;;3715.0;;;;;;350.0;;15 kW;615.0;черная 
VOLCANO SRh;;;Серия Volcano;Vh452;;;3355.0;;;;;;350.0;;15 kW;615.0;латунная 
VOLCANO SRh;;;Серия Volcano;Vh917;;;3410.0;;;;;;350.0;;15 kW;615.0;узкая золотая  
VOLCANO SRh;;;Серия Volcano;Vh340;;;4310.0;;;;;;350.0;;15 kW;615.0;широкая золотая  
VOLCANO SRh;;;Серия Volcano;Vh164;;;3410.0;;;;;;350.0;;15 kW;615.0;узкая хромированная 
VOLCANO SRh;;;Серия Volcano;Vh624;;;4310.0;;;;;;350.0;;15 kW;615.0;широкая хромированная 
VOLCANO SRh;;;Серия Volcano;Vh186;;;4310.0;;;;;;350.0;;15 kW;615.0;шлифованная, полированная  стальная 
VOLCANO SE;;;Серия Volcano;Vh312;;;3292.0;;;;;;320.0;;15 kW;570.0;черная 
VOLCANO SE;;;Серия Volcano;Vh983;;;3441.0;;;;;;320.0;;15 kW;570.0;латунная 
VOLCANO SE;;;Серия Volcano;Vh197;;;3545.0;;;;;;320.0;;15 kW;570.0;узкая золотая  
VOLCANO SE;;;Серия Volcano;Vh636;;;3895.0;;;;;;320.0;;15 kW;570.0;широкая золотая  
VOLCANO SE;;;Серия Volcano;Vh531;;;3545.0;;;;;;320.0;;15 kW;570.0;узкая хромированная 
VOLCANO SE;;;Серия Volcano;Vh581;;;3895.0;;;;;;320.0;;15 kW;570.0;широкая хромированная 
VOLCANO SE;;;Серия Volcano;Vh290;;;3895.0;;;;;;320.0;;15 kW;570.0;шлифованная, полированная  стальная 
VOLCANO D;;;Серия Volcano;Vh896;;;3735.0;;;;;;380.0;;10,5 kW;510.0;черная 
VOLCANO D;;;Серия Volcano;Vh146;;;3845.0;;;;;;380.0;;10,5 kW;510.0;латунная 
VOLCANO D;;;Серия Volcano;Vh844;;;3920.0;;;;;;380.0;;10,5 kW;510.0;узкая золотая  
VOLCANO D;;;Серия Volcano;Vh715;;;3895.0;;;;;;380.0;;10,5 kW;510.0;широкая золотая  
VOLCANO D;;;Серия Volcano;Vh690;;;3920.0;;;;;;380.0;;10,5 kW;510.0;узкая хромированная 
VOLCANO D;;;Серия Volcano;Vh397;;;3895.0;;;;;;380.0;;10,5 kW;510.0;широкая хромированная 
VOLCANO D;;;Серия Volcano;Vh806;;;3895.0;;;;;;380.0;;10,5 kW;510.0;шлифованная, полированная  стальная 
VOLCANO D-FD;;;Серия Volcano;Vh295;;;5020.0;;;;;;360.0;;10,5 kW;510.0;черная 
VOLCANO D-FD;;;Серия Volcano;Vh525;;;5245.0;;;;;;360.0;;10,5 kW;510.0;латунная 
VOLCANO D-FD;;;Серия Volcano;Vh506;;;5398.0;;;;;;360.0;;10,5 kW;510.0;узкая золотая  
VOLCANO D-FD;;;Серия Volcano;Vh779;;;3895.0;;;;;;360.0;;10,5 kW;510.0;широкая золотая  
VOLCANO D-FD;;;Серия Volcano;Vh909;;;5398.0;;;;;;360.0;;10,5 kW;510.0;узкая хромированная 
VOLCANO D-FD;;;Серия Volcano;Vh412;;;3895.0;;;;;;360.0;;10,5 kW;510.0;широкая хромированная 
VOLCANO D-FD;;;Серия Volcano;Vh727;;;3895.0;;;;;;360.0;;10,5 kW;510.0;шлифованная, полированная  стальная 
EXEL;;;Серия Exel;Vh482;;;2389.0;;;;;;200.0;;8 kW;650.0;черная 
EXEL;;;Серия Exel;EL860;;;2465.0;;;;;;200.0;;8 kW;650.0;латунная 
EXEL;;;Серия Exel;EL896;;;2515.0;;;;;;200.0;;8 kW;650.0;узкая золотая  
EXEL;;;Серия Exel;EL750;;;2989.0;;;;;;200.0;;8 kW;650.0;широкая золотая  
EXEL;;;Серия Exel;EL591;;;2515.0;;;;;;200.0;;8 kW;650.0;узкая хромированная 
EXEL;;;Серия Exel;EL144;;;2989.0;;;;;;200.0;;8 kW;650.0;широкая хромированная 
EXEL;;;Серия Exel;EL876;;;2989.0;;;;;;200.0;;8 kW;650.0;шлифованная, полированная  стальная 
EXEL S;;;Серия Exel;ES265;;;2455.0;;;;;;200.0;;8 kW;650.0;черная 
EXEL S;;;Серия Exel;ES836;;;2530.0;;;;;;200.0;;8 kW;650.0;латунная 
EXEL S;;;Серия Exel;ES894;;;2580.0;;;;;;200.0;;8 kW;650.0;узкая золотая  
EXEL S;;;Серия Exel;ES927;;;3055.0;;;;;;200.0;;8 kW;650.0;широкая золотая  
EXEL S;;;Серия Exel;ES505;;;2580.0;;;;;;200.0;;8 kW;650.0;узкая хромированная 
EXEL S;;;Серия Exel;ES164;;;3055.0;;;;;;200.0;;8 kW;650.0;широкая хромированная 
EXEL S;;;Серия Exel;ES934;;;3055.0;;;;;;200.0;;8 kW;650.0;шлифованная, полированная  стальная 
EXEL D;;;Серия Exel;ED358;;;2985.0;;;;;;230.0;;8 kW;800.0;черная 
EXEL D;;;Серия Exel;ED946;;;3060.0;;;;;;230.0;;8 kW;800.0;латунная 
EXEL D;;;Серия Exel;ED813;;;3112.0;;;;;;230.0;;8 kW;800.0;узкая золотая  
EXEL D;;;Серия Exel;ED909;;;3589.0;;;;;;230.0;;8 kW;800.0;широкая золотая  
EXEL D;;;Серия Exel;ED486;;;3112.0;;;;;;230.0;;8 kW;800.0;узкая хромированная 
EXEL D;;;Серия Exel;ED987;;;3589.0;;;;;;230.0;;8 kW;800.0;широкая хромированная 
EXEL D;;;Серия Exel;ED317;;;3589.0;;;;;;230.0;;8 kW;800.0;шлифованная, полированная  стальная 
EXEL DS    ;;;Серия Exel;E 281;;;3145.0;;;;;;230.0;;8 kW;800.0;черная 
EXEL DS    ;;;Серия Exel;E 523;;;3220.0;;;;;;230.0;;8 kW;800.0;латунная 
EXEL DS    ;;;Серия Exel;E 256;;;3275.0;;;;;;230.0;;8 kW;800.0;узкая золотая  
EXEL DS    ;;;Серия Exel;E 958;;;3749.0;;;;;;230.0;;8 kW;800.0;широкая золотая  
EXEL DS    ;;;Серия Exel;E 417;;;3275.0;;;;;;230.0;;8 kW;800.0;узкая хромированная 
EXEL DS    ;;;Серия Exel;E 128;;;3749.0;;;;;;230.0;;8 kW;800.0;широкая хромированная 
EXEL DS    ;;;Серия Exel;E 798;;;3749.0;;;;;;230.0;;8 kW;800.0;шлифованная, полированная  стальная 
EXEL DN ;;;Серия Exel;E 920;;;3490.0;;;;;;400.0;;14 kW;800.0;черная 
EXEL DN ;;;Серия Exel;E 329;;;3565.0;;;;;;400.0;;14 kW;800.0;латунная 
EXEL DN ;;;Серия Exel;E 940;;;3618.0;;;;;;400.0;;14 kW;800.0;узкая золотая  
EXEL DN ;;;Серия Exel;E 764;;;4092.0;;;;;;400.0;;14 kW;800.0;широкая золотая  
EXEL DN ;;;Серия Exel;E 508;;;3618.0;;;;;;400.0;;14 kW;800.0;узкая хромированная 
EXEL DN ;;;Серия Exel;E 280;;;4092.0;;;;;;400.0;;14 kW;800.0;широкая хромированная 
EXEL DN ;;;Серия Exel;E 181;;;4092.0;;;;;;400.0;;14 kW;800.0;шлифованная, полированная  стальная 
GOLIATH;;;Серия Goliath;E 966;;;4315.0;;;;;;400.0;;14 kW;600.0;черная 
GOLIATH;;;Серия Goliath;E 722;;;4465.0;;;;;;400.0;;14 kW;600.0;латунная 
GOLIATH;;;Серия Goliath;E 458;;;4565.0;;;;;;400.0;;14 kW;600.0;узкая золотая  
GOLIATH;;;Серия Goliath;E 651;;;4092.0;;;;;;400.0;;14 kW;600.0;широкая золотая  
GOLIATH;;;Серия Goliath;E 630;;;4565.0;;;;;;400.0;;14 kW;600.0;узкая хромированная 
GOLIATH;;;Серия Goliath;E 492;;;4092.0;;;;;;400.0;;14 kW;600.0;широкая хромированная 
GOLIATH;;;Серия Goliath;E 463;;;4092.0;;;;;;400.0;;14 kW;600.0;шлифованная, полированная  стальная 
KASETA MK;;;Серия Kaseta M;E 940;;;825.0;;;;;;105.0;;6 kW;500.0;черная 
KASETA MK;;;Серия Kaseta M;E 882;;;905.0;;;;;;105.0;;6 kW;500.0;латунная 
KASETA MK;;;Серия Kaseta M;E 130;;;955.0;;;;;;105.0;;6 kW;500.0;узкая золотая  
KASETA MK;;;Серия Kaseta M;E 212;;;1430.0;;;;;;105.0;;6 kW;500.0;широкая золотая  
KASETA MK;;;Серия Kaseta M;E 143;;;955.0;;;;;;105.0;;6 kW;500.0;узкая хромированная 
KASETA MK;;;Серия Kaseta M;KK365;;;1430.0;;;;;;105.0;;6 kW;500.0;широкая хромированная 
KASETA MK;;;Серия Kaseta M;KK840;;;1430.0;;;;;;105.0;;6 kW;500.0;шлифованная, полированная  стальная 
KASETA MP;;;Серия Kaseta M;KP341;;;945.0;;;;;;85.0;;5 kW;500.0;черная 
KASETA MP;;;Серия Kaseta M;KP967;;;1020.0;;;;;;85.0;;5 kW;500.0;латунная 
KASETA MP;;;Серия Kaseta M;KP607;;;1069.0;;;;;;85.0;;5 kW;500.0;узкая золотая  
KASETA MP;;;Серия Kaseta M;KP679;;;1545.0;;;;;;85.0;;5 kW;500.0;широкая золотая  
KASETA MP;;;Серия Kaseta M;KP200;;;1069.0;;;;;;85.0;;5 kW;500.0;узкая хромированная 
KASETA MP;;;Серия Kaseta M;KP736;;;1545.0;;;;;;85.0;;5 kW;500.0;широкая хромированная 
KASETA MP;;;Серия Kaseta M;KP746;;;1545.0;;;;;;85.0;;5 kW;500.0;шлифованная, полированная  стальная 
KASETA MP one part glass;;;Серия Kaseta M;Ks771;;;1162.0;;;;;;85.0;;5 kW;500.0;черная 
KASETA MP one part glass;;;Серия Kaseta M;Ks141;;;1239.0;;;;;;85.0;;5 kW;500.0;латунная 
KASETA MP one part glass;;;Серия Kaseta M;Ks309;;;1289.0;;;;;;85.0;;5 kW;500.0;узкая золотая  
KASETA MP one part glass;;;Серия Kaseta M;Ks971;;;1762.0;;;;;;85.0;;5 kW;500.0;широкая золотая  
KASETA MP one part glass;;;Серия Kaseta M;Ks867;;;1289.0;;;;;;85.0;;5 kW;500.0;узкая хромированная 
KASETA MP one part glass;;;Серия Kaseta M;Ks987;;;1762.0;;;;;;85.0;;5 kW;500.0;широкая хромированная 
KASETA MP one part glass;;;Серия Kaseta M;Ks777;;;1762.0;;;;;;85.0;;5 kW;500.0;шлифованная, полированная  стальная 
KASETA MKW;;;Серия Kaseta M;KW578;;;1520.0;;;;;;85.0;;5 kW;500.0;черная 
KASETA MKW;;;Серия Kaseta M;KW497;;;1599.0;;;;;;85.0;;5 kW;500.0;латунная 
KASETA MKW;;;Серия Kaseta M;KW208;;;1645.0;;;;;;85.0;;5 kW;500.0;узкая золотая  
KASETA MKW;;;Серия Kaseta M;KW269;;;2119.0;;;;;;85.0;;5 kW;500.0;широкая золотая  
KASETA MKW;;;Серия Kaseta M;KW489;;;1645.0;;;;;;85.0;;5 kW;500.0;узкая хромированная 
KASETA MKW;;;Серия Kaseta M;KW412;;;2119.0;;;;;;85.0;;5 kW;500.0;широкая хромированная 
KASETA MKW;;;Серия Kaseta M;KW808;;;2119.0;;;;;;85.0;;5 kW;500.0;шлифованная, полированная  стальная 
